-- phpMyAdmin SQL Dump
-- version 4.7.3
-- https://www.phpmyadmin.net/
--
-- 主機: localhost
-- 產生時間： 2018 年 03 月 27 日 18:41
-- 伺服器版本: 5.5.56-log
-- PHP 版本： 5.5.38

SET FOREIGN_KEY_CHECKS=0;
SET SQL_MODE = "NO_AUTO_VALUE_ON_ZERO";
SET AUTOCOMMIT = 0;
START TRANSACTION;
SET time_zone = "+00:00";


/*!40101 SET @OLD_CHARACTER_SET_CLIENT=@@CHARACTER_SET_CLIENT */;
/*!40101 SET @OLD_CHARACTER_SET_RESULTS=@@CHARACTER_SET_RESULTS */;
/*!40101 SET @OLD_COLLATION_CONNECTION=@@COLLATION_CONNECTION */;
/*!40101 SET NAMES utf8mb4 */;

--
-- 資料庫： `poker`
--
DROP DATABASE IF EXISTS `poker`;
CREATE DATABASE IF NOT EXISTS `poker` DEFAULT CHARACTER SET utf8 COLLATE utf8_general_ci;
USE `poker`;

-- --------------------------------------------------------

--
-- 資料表結構 `admin_role`
--

DROP TABLE IF EXISTS `admin_role`;
CREATE TABLE `admin_role` (
  `ar_id` int(2) NOT NULL,
  `ar_name` varchar(30) NOT NULL,
  `add_datetime` timestamp NOT NULL DEFAULT CURRENT_TIMESTAMP
) ENGINE=InnoDB DEFAULT CHARSET=utf8;

--
-- 資料表的匯出資料 `admin_role`
--

INSERT INTO `admin_role` (`ar_id`, `ar_name`, `add_datetime`) VALUES
(1, 'system', '2018-02-24 06:55:20');

-- --------------------------------------------------------

--
-- 資料表結構 `admin_role_permissions_link`
--

DROP TABLE IF EXISTS `admin_role_permissions_link`;
CREATE TABLE `admin_role_permissions_link` (
  `apl_id` int(10) NOT NULL,
  `ar_id` int(2) DEFAULT NULL COMMENT 'admin_role_id',
  `pe_id` int(5) DEFAULT NULL COMMENT 'permissions_id',
  `add_datetime` timestamp NOT NULL DEFAULT CURRENT_TIMESTAMP
) ENGINE=InnoDB DEFAULT CHARSET=utf8;

--
-- 資料表的匯出資料 `admin_role_permissions_link`
--

INSERT INTO `admin_role_permissions_link` (`apl_id`, `ar_id`, `pe_id`, `add_datetime`) VALUES
(1, 1, 1, '2018-03-23 05:57:22'),
(2, 1, 2, '2018-03-23 05:57:28'),
(3, 1, 3, '2018-03-23 05:57:32'),
(4, 1, 4, '2018-03-23 05:57:38'),
(5, 1, 5, '2018-03-23 05:57:43');

-- --------------------------------------------------------

--
-- 資料表結構 `admin_user`
--

DROP TABLE IF EXISTS `admin_user`;
CREATE TABLE `admin_user` (
  `ad_id` int(11) NOT NULL,
  `ad_account` varchar(12) NOT NULL,
  `ad_passwd` char(32) NOT NULL,
  `add_datetime` timestamp NOT NULL DEFAULT CURRENT_TIMESTAMP,
  `ad_status` enum('unlock','onlock') NOT NULL DEFAULT 'unlock',
  `ad_ar_id` int(2) DEFAULT NULL COMMENT 'admin_role_id',
  `ad_r_id` int(11) DEFAULT NULL
) ENGINE=InnoDB DEFAULT CHARSET=utf8;

--
-- 資料表的匯出資料 `admin_user`
--

INSERT INTO `admin_user` (`ad_id`, `ad_account`, `ad_passwd`, `add_datetime`, `ad_status`, `ad_ar_id`, `ad_r_id`) VALUES
(1, 'tryion', '25d55ad283aa400af464c76d713c07ad', '2018-03-20 14:46:15', 'unlock', 1, NULL);

-- --------------------------------------------------------

--
-- 資料表結構 `ci_sessions`
--

DROP TABLE IF EXISTS `ci_sessions`;
CREATE TABLE `ci_sessions` (
  `id` varchar(40) NOT NULL,
  `ip_address` varchar(45) NOT NULL,
  `timestamp` int(10) UNSIGNED NOT NULL DEFAULT '0',
  `data` blob NOT NULL
) ENGINE=MyISAM DEFAULT CHARSET=utf8;

--
-- 資料表的匯出資料 `ci_sessions`
--

INSERT INTO `ci_sessions` (`id`, `ip_address`, `timestamp`, `data`) VALUES
('orcbvfhde2v6cat9kkjeacf2si6lk56c', '13.229.126.143', 1522146961, 0x5f5f63695f6c6173745f726567656e65726174657c693a313532323134363936303b),
('4d2d49ib3f4aiqoe75uc4v6tuthdrj40', '103.242.57.134', 1522146855, 0x5f5f63695f6c6173745f726567656e65726174657c693a313532323134363835353b656e63727970745f61646d696e5f757365725f646174617c733a3132303a22636a4a32636a6459526c4a5753474a34526d597a516c42774e4446745344424951564a6f64314e34536a526f616b354d52454a7651586c6d566a565865564a6c526d686153554e6b61323550526974736279394861546c714c33684e616d5668656a4d305154684d55484533567938316358633950513d3d223b656e63727970745f757365725f646174617c733a3132303a22636a424a56484e504f5534324c304e4f6344686e566d646e4b325a6f6254465455576f7661305a69647a4a35556d5533524374344b304d784f486454656e5636576c4d765255706b63484a4e6348646f64444d7a5556565857564a6162464e55546d354d65444a515256564d61315a796232633950513d3d223b),
('i1fkt0t5hv805qouncvh4hu1i8o7srv4', '103.242.57.134', 1522146836, 0x5f5f63695f6c6173745f726567656e65726174657c693a313532323134363632363b656e63727970745f757365725f646174617c733a3132303a22526e425a61555a4c5957644456454e484d4845334e465a755931703165454a7a57576c356355644b6558426b5a6d31494d307042656d5259517a684362574e4655565a4a4b314e305453745a4b7a4a495354683664545278544778364d32557a6245565259574646567a42755445316d4d6d633950513d3d223b),
('cfsdp4fh9kf1tq8l5ijfg7jad7gvs6au', '103.242.57.134', 1522146717, 0x5f5f63695f6c6173745f726567656e65726174657c693a313532323134363534383b656e63727970745f61646d696e5f757365725f646174617c733a3132303a22636a4a32636a6459526c4a5753474a34526d597a516c42774e4446745344424951564a6f64314e34536a526f616b354d52454a7651586c6d566a565865564a6c526d686153554e6b61323550526974736279394861546c714c33684e616d5668656a4d305154684d55484533567938316358633950513d3d223b656e63727970745f757365725f646174617c733a3132303a22636a424a56484e504f5534324c304e4f6344686e566d646e4b325a6f6254465455576f7661305a69647a4a35556d5533524374344b304d784f486454656e5636576c4d765255706b63484a4e6348646f64444d7a5556565857564a6162464e55546d354d65444a515256564d61315a796232633950513d3d223b),
('hh23b8igksifmva9qdh0am87j3kmmljp', '103.242.57.134', 1522144934, 0x5f5f63695f6c6173745f726567656e65726174657c693a313532323134343933343b),
('mq0q54tkuc9i5mmkr6ikalmc1eg55iqo', '103.242.57.134', 1522146235, 0x5f5f63695f6c6173745f726567656e65726174657c693a313532323134363136383b656e63727970745f757365725f646174617c733a3132303a225544427265554976636a497a5a53744a536d5979534656435154426e555752365a5842435345747853326b3362555a466232316e576e524655584131646d31444e693943516a5a4c4e307379616d4a69525859794c7a52424b32526c654374315444424b6556497861465a6c4f4442696446453950513d3d223b),
('hbilg5t0tiunompn0b5sltm86kb77ggl', '103.242.57.134', 1522146190, 0x5f5f63695f6c6173745f726567656e65726174657c693a313532323134363139303b),
('teflib1pbc11p64pk9n8b2ld3be25lea', '103.242.57.134', 1522146237, 0x5f5f63695f6c6173745f726567656e65726174657c693a313532323134363230333b656e63727970745f61646d696e5f757365725f646174617c733a3132303a224e554a6a5a7a6c4c536e6f33624559344e33557a56474e7353454534536a49724d474e696547525161564271636e4a46536b4635614539424e326c704e3056694d5456565230786856455a4a5a327379627a4a6a65545a5352466457566b34334d4846764f5768364e6c4274525442534f58633950513d3d223b),
('g13gdfmkuuakb2j5kuec2ikf6cl955l7', '13.229.126.143', 1522139731, 0x5f5f63695f6c6173745f726567656e65726174657c693a313532323133393733303b),
('rkieamv4gcftmob3iq646a54tsmn48qm', '103.242.57.134', 1522143597, 0x5f5f63695f6c6173745f726567656e65726174657c693a313532323134333539373b),
('9b5mlp0msrcjp6qbd43kefnmpl5ie44s', '42.115.71.27', 1522139704, 0x5f5f63695f6c6173745f726567656e65726174657c693a313532323133393730343b656e63727970745f757365725f646174617c733a3132303a225a6d6c335544564462546c7457454a6a596a5669646d6845656b526a51584e7565486f79576c6f354c32303263484e6b626c55784c7a6c4359554a4e5569733356693877626b4e6d4d6b5a444e32704661316c6b555759795a5734304e315250656a64506432747555453536575452514b30453950513d3d223b656e63727970745f61646d696e5f757365725f646174617c733a3132303a224d6e6c545445643564576c424c7a64734e57744357455a6a56486c6b5a6b356e616d524e5255567a4d6c5179536c52505345466856445649576b354b55586c3256453534536e706e566b6c77546c5a7155474a4d62475261637a4a3257566c53615842346556705956546c4d4f546c525330453950513d3d223b),
('infpqjek5ha715h42uq2hdicvrvar6o4', '42.115.71.27', 1522137314, 0x5f5f63695f6c6173745f726567656e65726174657c693a313532323133373330373b656e63727970745f757365725f646174617c733a3132303a225a6d6c335544564462546c7457454a6a596a5669646d6845656b526a51584e7565486f79576c6f354c32303263484e6b626c55784c7a6c4359554a4e5569733356693877626b4e6d4d6b5a444e32704661316c6b555759795a5734304e315250656a64506432747555453536575452514b30453950513d3d223b656e63727970745f61646d696e5f757365725f646174617c733a3132303a224d6e6c545445643564576c424c7a64734e57744357455a6a56486c6b5a6b356e616d524e5255567a4d6c5179536c52505345466856445649576b354b55586c3256453534536e706e566b6c77546c5a7155474a4d62475261637a4a3257566c53615842346556705956546c4d4f546c525330453950513d3d223b),
('spjl5kdeof7n9ceoi1bsqodcnn81f6bi', '42.115.71.27', 1522137307, 0x5f5f63695f6c6173745f726567656e65726174657c693a313532323133373330373b656e63727970745f757365725f646174617c733a3132303a225a6d6c335544564462546c7457454a6a596a5669646d6845656b526a51584e7565486f79576c6f354c32303263484e6b626c55784c7a6c4359554a4e5569733356693877626b4e6d4d6b5a444e32704661316c6b555759795a5734304e315250656a64506432747555453536575452514b30453950513d3d223b656e63727970745f61646d696e5f757365725f646174617c733a3132303a224d6e6c545445643564576c424c7a64734e57744357455a6a56486c6b5a6b356e616d524e5255567a4d6c5179536c52505345466856445649576b354b55586c3256453534536e706e566b6c77546c5a7155474a4d62475261637a4a3257566c53615842346556705956546c4d4f546c525330453950513d3d223b),
('vmlhgunfvfteiguqqeulehddl71r4mp1', '13.229.126.143', 1522136246, 0x5f5f63695f6c6173745f726567656e65726174657c693a313532323133363234363b),
('7l3vpjfkenbk6i5a5f0nbnte9nj86k44', '42.115.71.27', 1522136568, 0x5f5f63695f6c6173745f726567656e65726174657c693a313532323133363533383b656e63727970745f757365725f646174617c733a3132303a225a6d6c335544564462546c7457454a6a596a5669646d6845656b526a51584e7565486f79576c6f354c32303263484e6b626c55784c7a6c4359554a4e5569733356693877626b4e6d4d6b5a444e32704661316c6b555759795a5734304e315250656a64506432747555453536575452514b30453950513d3d223b656e63727970745f61646d696e5f757365725f646174617c733a3132303a224d6e6c545445643564576c424c7a64734e57744357455a6a56486c6b5a6b356e616d524e5255567a4d6c5179536c52505345466856445649576b354b55586c3256453534536e706e566b6c77546c5a7155474a4d62475261637a4a3257566c53615842346556705956546c4d4f546c525330453950513d3d223b),
('pqtpctrv9uud287cle8j8d9vl4jscp1d', '13.229.126.143', 1522136167, 0x5f5f63695f6c6173745f726567656e65726174657c693a313532323133363136373b),
('flc0iuj14fm6pe5k3lnctfstkaslr9fq', '13.229.126.143', 1522136171, 0x5f5f63695f6c6173745f726567656e65726174657c693a313532323133363137313b),
('5cmann33qf5pimq6lou0hjajhmoqs5md', '42.115.71.27', 1522136252, 0x5f5f63695f6c6173745f726567656e65726174657c693a313532323133363130353b656e63727970745f757365725f646174617c733a3132303a225a6d6c335544564462546c7457454a6a596a5669646d6845656b526a51584e7565486f79576c6f354c32303263484e6b626c55784c7a6c4359554a4e5569733356693877626b4e6d4d6b5a444e32704661316c6b555759795a5734304e315250656a64506432747555453536575452514b30453950513d3d223b656e63727970745f61646d696e5f757365725f646174617c733a3132303a224d6e6c545445643564576c424c7a64734e57744357455a6a56486c6b5a6b356e616d524e5255567a4d6c5179536c52505345466856445649576b354b55586c3256453534536e706e566b6c77546c5a7155474a4d62475261637a4a3257566c53615842346556705956546c4d4f546c525330453950513d3d223b),
('jcel2pipninmejt3e31prn3ku1631bn0', '42.115.71.27', 1522136105, 0x5f5f63695f6c6173745f726567656e65726174657c693a313532323133363130353b656e63727970745f757365725f646174617c733a3132303a225a6d6c335544564462546c7457454a6a596a5669646d6845656b526a51584e7565486f79576c6f354c32303263484e6b626c55784c7a6c4359554a4e5569733356693877626b4e6d4d6b5a444e32704661316c6b555759795a5734304e315250656a64506432747555453536575452514b30453950513d3d223b656e63727970745f61646d696e5f757365725f646174617c733a3132303a224d6e6c545445643564576c424c7a64734e57744357455a6a56486c6b5a6b356e616d524e5255567a4d6c5179536c52505345466856445649576b354b55586c3256453534536e706e566b6c77546c5a7155474a4d62475261637a4a3257566c53615842346556705956546c4d4f546c525330453950513d3d223b),
('6haipcnnpl5klvjfr65ihfknv3p2ceaq', '42.115.71.27', 1522135756, 0x5f5f63695f6c6173745f726567656e65726174657c693a313532323133353734353b656e63727970745f61646d696e5f757365725f646174617c733a3132303a22595642354f47685256556858646a56524e6e5a75553168545a6e4e4459586730526b6b345a304932575570444e545532556b74464e584275554555344f4770775758424d616c517a57553578566c5130563046335555457656544a4a656e4a6c54304e534e46527854474a4754564a4b6130453950513d3d223b),
('k25ucdnl1oh13m8vm4nnl5he2gk26uvc', '42.115.71.27', 1522135890, 0x5f5f63695f6c6173745f726567656e65726174657c693a313532323133353637303b656e63727970745f757365725f646174617c733a3132303a225a6d6c335544564462546c7457454a6a596a5669646d6845656b526a51584e7565486f79576c6f354c32303263484e6b626c55784c7a6c4359554a4e5569733356693877626b4e6d4d6b5a444e32704661316c6b555759795a5734304e315250656a64506432747555453536575452514b30453950513d3d223b656e63727970745f61646d696e5f757365725f646174617c733a3132303a224d6e6c545445643564576c424c7a64734e57744357455a6a56486c6b5a6b356e616d524e5255567a4d6c5179536c52505345466856445649576b354b55586c3256453534536e706e566b6c77546c5a7155474a4d62475261637a4a3257566c53615842346556705956546c4d4f546c525330453950513d3d223b),
('eea5qbs0uo9c83h73sfe2b7713eif20a', '42.115.71.27', 1522135660, 0x5f5f63695f6c6173745f726567656e65726174657c693a313532323133353533303b656e63727970745f61646d696e5f757365725f646174617c733a3132303a22516d517a646b4930576c646d59555243626b466b5a6939324e45564f6153394b4d586c555a32686b64456c444d566c574f56643651574e684e334931533068464e316855625852334b304a43616d5254656d77786557786e546a424663316c494d6e564e5154564762466c454d4668425331453950513d3d223b),
('dlnbpmo9um4b0ggstctsls4ucmmmd1fh', '42.115.71.27', 1522135517, 0x5f5f63695f6c6173745f726567656e65726174657c693a313532323133353530383b656e63727970745f61646d696e5f757365725f646174617c733a3132303a22556e426f635374714d6d7469613039614e6d35515747706c4c7a517a6357646d6279733052305673596d686165477479566d52546133637764485a504d6b78494d444648596e5a6854467033645556584f565534636c7034596e704555586c4955464e31596b5649556c4a55654859336257633950513d3d223b656e63727970745f757365725f646174617c733a3132303a224d31466853466f35546d684e576a566f516d6456626c6453656e466f4e4777304f456861535534334d6e4e724f484246616e5572516a467059324e4f645668356230353059564a7359565a5752314d724d445134525556465247355853566875526e56594e464675525768575a4868566146453950513d3d223b),
('46noklv5ubpmh36nqgu2953ukdbkf6gj', '42.115.71.27', 1522135477, 0x5f5f63695f6c6173745f726567656e65726174657c693a313532323133353338313b656e63727970745f61646d696e5f757365725f646174617c733a3132303a22595642354f47685256556858646a56524e6e5a75553168545a6e4e4459586730526b6b345a304932575570444e545532556b74464e584275554555344f4770775758424d616c517a57553578566c5130563046335555457656544a4a656e4a6c54304e534e46527854474a4754564a4b6130453950513d3d223b),
('iokailpblfgavn08hdbt61kcik8niaph', '42.115.71.27', 1522135376, 0x5f5f63695f6c6173745f726567656e65726174657c693a313532323133353337363b),
('i282na1ovs56srfnj2t0a2j8a987s59c', '42.115.71.27', 1522135370, 0x5f5f63695f6c6173745f726567656e65726174657c693a313532323133353334313b656e63727970745f757365725f646174617c733a3132303a225a6d6c335544564462546c7457454a6a596a5669646d6845656b526a51584e7565486f79576c6f354c32303263484e6b626c55784c7a6c4359554a4e5569733356693877626b4e6d4d6b5a444e32704661316c6b555759795a5734304e315250656a64506432747555453536575452514b30453950513d3d223b656e63727970745f61646d696e5f757365725f646174617c733a3132303a2265484d77564764334f54677a5a54647863466c524e324a4e617a63354e476c7a4e6d6b7a54465670596e6454556a6c75576b567464304a734d304a6b654764545558685557556835596e46335a6c52774b7a68325a3264444d3078466143747253306446566d31564e484178516b46465647633950513d3d223b),
('aig3dr2ook6qj0kk4jktgif4onesf6j7', '103.12.161.74', 1522132799, 0x5f5f63695f6c6173745f726567656e65726174657c693a313532323133323739393b656e63727970745f61646d696e5f757365725f646174617c733a3132303a225745354a515751304d326c70565556425a3356504e446852626c4a6a596c684e566d355964326f7a53586f3156557436537a633257484531526d703065433930637a5a7a62485a754e79394254546c4c5a6c4e71536b6f314e3235574e4452776358564d63575930513146784b7974755a32633950513d3d223b),
('15j2ukjhcqlfc74s7u13mpj7v9q3q73o', '42.115.71.27', 1522135336, 0x5f5f63695f6c6173745f726567656e65726174657c693a313532323133353034303b656e63727970745f757365725f646174617c733a3132303a225a6d6c335544564462546c7457454a6a596a5669646d6845656b526a51584e7565486f79576c6f354c32303263484e6b626c55784c7a6c4359554a4e5569733356693877626b4e6d4d6b5a444e32704661316c6b555759795a5734304e315250656a64506432747555453536575452514b30453950513d3d223b656e63727970745f61646d696e5f757365725f646174617c733a3132303a2265484d77564764334f54677a5a54647863466c524e324a4e617a63354e476c7a4e6d6b7a54465670596e6454556a6c75576b567464304a734d304a6b654764545558685557556835596e46335a6c52774b7a68325a3264444d3078466143747253306446566d31564e484178516b46465647633950513d3d223b),
('nm4t5k8r51n8s8l464ua61nb625ficlr', '103.12.161.74', 1522131026, 0x5f5f63695f6c6173745f726567656e65726174657c693a313532323133303939333b656e63727970745f61646d696e5f757365725f646174617c733a3132303a225745354a515751304d326c70565556425a3356504e446852626c4a6a596c684e566d355964326f7a53586f3156557436537a633257484531526d703065433930637a5a7a62485a754e79394254546c4c5a6c4e71536b6f314e3235574e4452776358564d63575930513146784b7974755a32633950513d3d223b),
('1k9cbf5ffuli51pv8r2jd5gkeef5kofq', '42.115.71.27', 1522130971, 0x5f5f63695f6c6173745f726567656e65726174657c693a313532323133303736363b656e63727970745f61646d696e5f757365725f646174617c733a3132303a22556e426f635374714d6d7469613039614e6d35515747706c4c7a517a6357646d6279733052305673596d686165477479566d52546133637764485a504d6b78494d444648596e5a6854467033645556584f565534636c7034596e704555586c4955464e31596b5649556c4a55654859336257633950513d3d223b656e63727970745f757365725f646174617c733a3132303a224d31466853466f35546d684e576a566f516d6456626c6453656e466f4e4777304f456861535534334d6e4e724f484246616e5572516a467059324e4f645668356230353059564a7359565a5752314d724d445134525556465247355853566875526e56594e464675525768575a4868566146453950513d3d223b),
('v32s8j4q38ibumb0huc4avpc389bhb73', '124.248.167.12', 1522130749, 0x5f5f63695f6c6173745f726567656e65726174657c693a313532323133303639333b656e63727970745f757365725f646174617c733a3132303a2254584e71524731686257526d546d35694d32684d4e5641324e446b344b30354465477457615564425344564e65564a70536a6c435445783555484a34553070555546704f516d74365a45524a5655746b5533526e65476c4b636d354c613277784f5856354b3230344f544674516b5274526e633950513d3d223b),
('g0jf7aha14hucd3nk4smu7pbri0nm1co', '103.242.57.134', 1522126415, 0x5f5f63695f6c6173745f726567656e65726174657c693a313532323132363431333b656e63727970745f61646d696e5f757365725f646174617c733a3132303a2257576b764b325276593074436330566c645756765757706b4e585a306233417a51546c5554565a4a516b56786344417251546875536a5a72515774574e6d395656475a7663484e6b564464505330524363324a495257645364586c6d65584e74576a4e6e555746724b7a5a51616d46464c32633950513d3d223b656e63727970745f757365725f646174617c733a3132303a224d31466853466f35546d684e576a566f516d6456626c6453656e466f4e4777304f456861535534334d6e4e724f484246616e5572516a467059324e4f645668356230353059564a7359565a5752314d724d445134525556465247355853566875526e56594e464675525768575a4868566146453950513d3d223b),
('jseen9ve1ogthnjq4qdf60hs8t07376e', '103.242.57.134', 1522126392, 0x5f5f63695f6c6173745f726567656e65726174657c693a313532323132363339323b656e63727970745f61646d696e5f757365725f646174617c733a3132303a226257564b4f5739445a586472536e523553334e6854324e6e62557772546c56535a6d316b64486c34576b4d345647397661486c71516c5530654468366545633063454677635564344d6b316b62444572536b4d774e6e56455a6a647a4b335530564539585757394d54574e6c526d74554d58633950513d3d223b656e63727970745f757365725f646174617c733a3132303a224d31466853466f35546d684e576a566f516d6456626c6453656e466f4e4777304f456861535534334d6e4e724f484246616e5572516a467059324e4f645668356230353059564a7359565a5752314d724d445134525556465247355853566875526e56594e464675525768575a4868566146453950513d3d223b),
('oothmljk4fgel5rhl1jp05a2k92vo52a', '103.242.57.134', 1522124661, 0x5f5f63695f6c6173745f726567656e65726174657c693a313532323132343633323b656e63727970745f757365725f646174617c733a3132303a2257586450626b64695a47733452455a4a4d47316855456c4a5a4441774b30746f576b686a546c6776626b68724e586868656d463261444245536a6c30576e524e4f554535556a5132596d6c546356707757566858633239345330785a4e444e485558427659586c7353455935646c59725433633950513d3d223b),
('7aeldi7s4uqb179pmab1tsv2bag6r04n', '42.115.71.27', 1522123178, 0x5f5f63695f6c6173745f726567656e65726174657c693a313532323132333039353b656e63727970745f61646d696e5f757365725f646174617c733a3132303a226257564b4f5739445a586472536e523553334e6854324e6e62557772546c56535a6d316b64486c34576b4d345647397661486c71516c5530654468366545633063454677635564344d6b316b62444572536b4d774e6e56455a6a647a4b335530564539585757394d54574e6c526d74554d58633950513d3d223b656e63727970745f757365725f646174617c733a3132303a224d31466853466f35546d684e576a566f516d6456626c6453656e466f4e4777304f456861535534334d6e4e724f484246616e5572516a467059324e4f645668356230353059564a7359565a5752314d724d445134525556465247355853566875526e56594e464675525768575a4868566146453950513d3d223b),
('les87i12nk0er1hrcrcok3g4tb6o38o6', '42.115.71.27', 1522120753, 0x5f5f63695f6c6173745f726567656e65726174657c693a313532323132303735333b656e63727970745f61646d696e5f757365725f646174617c733a3132303a22565449316169744d6132356b644764314e6d704b52574e595447387864586c43516b564d55453544533239454e565650546a4272557a6b31623264576557457765564654544739716257354b5757524d5745566d4e6d7046554441336233467353474e504c32356c4e6b527555484d356545453950513d3d223b),
('9e6brtcg2qgsm8pvqck8n1g5pf2odcst', '42.115.71.27', 1522119566, 0x5f5f63695f6c6173745f726567656e65726174657c693a313532323131393536363b),
('tba6qv29r9m6ffijg6h5afdbc9ma2csa', '42.115.71.27', 1522119595, 0x5f5f63695f6c6173745f726567656e65726174657c693a313532323131393538343b656e63727970745f61646d696e5f757365725f646174617c733a3132303a22565449316169744d6132356b644764314e6d704b52574e595447387864586c43516b564d55453544533239454e565650546a4272557a6b31623264576557457765564654544739716257354b5757524d5745566d4e6d7046554441336233467353474e504c32356c4e6b527555484d356545453950513d3d223b),
('9rhcblt0uj357rom69kjtqediulbro0c', '203.80.171.30', 1522117220, 0x5f5f63695f6c6173745f726567656e65726174657c693a313532323131373232303b),
('ad7e0p2k0is1mtc6si2tsqqta1tb5m9t', '203.80.171.30', 1522117233, 0x5f5f63695f6c6173745f726567656e65726174657c693a313532323131373233313b656e63727970745f61646d696e5f757365725f646174617c733a3132303a226257564b4f5739445a586472536e523553334e6854324e6e62557772546c56535a6d316b64486c34576b4d345647397661486c71516c5530654468366545633063454677635564344d6b316b62444572536b4d774e6e56455a6a647a4b335530564539585757394d54574e6c526d74554d58633950513d3d223b),
('cv0k736al8c4uq4e35r2aql2e0b70urf', '203.144.93.21', 1522114625, 0x5f5f63695f6c6173745f726567656e65726174657c693a313532323131343431353b656e63727970745f757365725f646174617c733a3132303a225432357a5a697379516e685364444246646c56445347466e616b4e4a62303948636b4e534d6d5672536c646f4c336c47615449314d7a4a465347746a4e6c55765445786d6256524c656b52735a6d5654566a5a74564774725755464e624564785354424c4f454a3655544a4c626d4e4a5a30453950513d3d223b),
('8vnm5h7gk8fm8otpr0mjpbtuusvnjpu6', '203.144.93.21', 1522112115, 0x5f5f63695f6c6173745f726567656e65726174657c693a313532323131323130313b656e63727970745f757365725f646174617c733a3132303a225432357a5a697379516e685364444246646c56445347466e616b4e4a62303948636b4e534d6d5672536c646f4c336c47615449314d7a4a465347746a4e6c55765445786d6256524c656b52735a6d5654566a5a74564774725755464e624564785354424c4f454a3655544a4c626d4e4a5a30453950513d3d223b),
('5poj6jsgs4kqvr8domnvcrikrlfs9af3', '203.144.93.21', 1522112096, 0x5f5f63695f6c6173745f726567656e65726174657c693a313532323131323039363b),
('luk4lle78o6albh2ub1at5ihcvhpfm3e', '203.144.92.67', 1522104318, 0x5f5f63695f6c6173745f726567656e65726174657c693a313532323130343331383b),
('4b2uk3bgku3r8eq632ip45ortthogm41', '124.248.167.12', 1522111495, 0x5f5f63695f6c6173745f726567656e65726174657c693a313532323131313436383b656e63727970745f61646d696e5f757365725f646174617c733a3132303a22536a5a364d327459527a5a5562323577636e526f5132744b633268354d444a46617a52794d55466d5a5556484f55464e4b315a78556d5a5056556c504d455674565852714e484e7855575668576a4a444e5374444d326b7a5a5752536245524d5245493357446c4a4e565656627a686e5533633950513d3d223b),
('fnuvk2l91dofrjqo3jqecu611athjfv5', '203.144.93.4', 1522097066, 0x5f5f63695f6c6173745f726567656e65726174657c693a313532323039373036333b656e63727970745f757365725f646174617c733a3132303a22616a677a6245647755315a715755686b646b526c64466452576a5a4b56454675566c565353546b7a526a4242556b6b725255785a53553135566c4931633256526131706a656b70544e5735334d446853595546746254493154586c594e554d3256556b76566c5a796132467a5358526c5446453950513d3d223b),
('eueqhdgsletlmddskd8rd5trkstrh7di', '203.144.93.4', 1522095175, 0x5f5f63695f6c6173745f726567656e65726174657c693a313532323039353137353b656e63727970745f757365725f646174617c733a3132303a22616a677a6245647755315a715755686b646b526c64466452576a5a4b56454675566c565353546b7a526a4242556b6b725255785a53553135566c4931633256526131706a656b70544e5735334d446853595546746254493154586c594e554d3256556b76566c5a796132467a5358526c5446453950513d3d223b),
('p8nd4a8v54bvpaisb871fv54e6b7m04d', '203.144.93.4', 1522094177, 0x5f5f63695f6c6173745f726567656e65726174657c693a313532323039343137373b656e63727970745f757365725f646174617c733a3132303a22616a677a6245647755315a715755686b646b526c64466452576a5a4b56454675566c565353546b7a526a4242556b6b725255785a53553135566c4931633256526131706a656b70544e5735334d446853595546746254493154586c594e554d3256556b76566c5a796132467a5358526c5446453950513d3d223b),
('fd9ppofjr5ov5q6aeg8kecjpjbivb5tt', '203.144.93.4', 1522094177, 0x5f5f63695f6c6173745f726567656e65726174657c693a313532323039343137373b656e63727970745f757365725f646174617c733a3132303a22616a677a6245647755315a715755686b646b526c64466452576a5a4b56454675566c565353546b7a526a4242556b6b725255785a53553135566c4931633256526131706a656b70544e5735334d446853595546746254493154586c594e554d3256556b76566c5a796132467a5358526c5446453950513d3d223b),
('bjt7lh43brv01c89k9qsfou4n33ur5gk', '124.248.167.12', 1522089356, 0x5f5f63695f6c6173745f726567656e65726174657c693a313532323038393138303b656e63727970745f61646d696e5f757365725f646174617c733a3132303a22556d6848535546614d48427452465a77527a64596133684d5a326b77574445724e3252785a6b4a7964544a6a4d5856315630685464334e35537a4e74635656324d324a524e6c5270616d784e5645746e4d6a42314d565269516973316454526b4f564a564e6d49765158564262316b726131453950513d3d223b),
('qo050au57cuvn8h5qoe2cb1iihajp1is', '203.80.171.30', 1522092562, 0x5f5f63695f6c6173745f726567656e65726174657c693a313532323039323533373b656e63727970745f61646d696e5f757365725f646174617c733a3132303a225256567753586b35546e6c4761454a4a61464e345a6c427059586c7a55545a695a4556704e4646725356493359334a754d6c704c5a58565a546e424e6155746d617a686854314e32617974436246464f4b31705a4f456c585532684d5356526e6145704e61476843536c6b335257466a6232633950513d3d223b656e63727970745f757365725f646174617c733a3132303a2259565230536a45794e444a5763477471526d316b4e446333596e6868556d464862465a574e4870446433565753586b784b336f76546d3544636b6c785a306c5261454a50526b564f646b686f4e315651556974556369737954314a514f57356a51564e61525649776447397a646d63315331453950513d3d223b),
('a3t5diunu7hp6ef319e5cqb6lj82r3ti', '203.144.93.4', 1522093627, 0x5f5f63695f6c6173745f726567656e65726174657c693a313532323039333337373b656e63727970745f757365725f646174617c733a3132303a22616a677a6245647755315a715755686b646b526c64466452576a5a4b56454675566c565353546b7a526a4242556b6b725255785a53553135566c4931633256526131706a656b70544e5735334d446853595546746254493154586c594e554d3256556b76566c5a796132467a5358526c5446453950513d3d223b);

-- --------------------------------------------------------

--
-- 資料表結構 `error_log`
--

DROP TABLE IF EXISTS `error_log`;
CREATE TABLE `error_log` (
  `el_id` int(11) NOT NULL,
  `el_message` text NOT NULL,
  `el_system_error` varchar(200) DEFAULT NULL,
  `el_class` varchar(100) NOT NULL,
  `el_function` varchar(200) NOT NULL,
  `el_add_datetime` timestamp NOT NULL DEFAULT CURRENT_TIMESTAMP
) ENGINE=InnoDB DEFAULT CHARSET=utf8;

--
-- 資料表的匯出資料 `error_log`
--

INSERT INTO `error_log` (`el_id`, `el_message`, `el_system_error`, `el_class`, `el_function`, `el_add_datetime`) VALUES
(1, '系统错误/system error', 'You have an error in your SQL syntax; check the manual that corresponds to your MySQL server version for the right syntax to use near \'? AND odds_group_id =1\' at line 4', 'HdPokerInsurance', 'insert', '2018-03-20 10:49:30'),
(2, '系统错误/system error', 'You have an error in your SQL syntax; check the manual that corresponds to your MySQL server version for the right syntax to use near \'(\r\n							round,\r\n							outs,\r\n							odds,\r\n							pot,\r\n						', 'HdPokerInsurance', 'insert', '2018-03-20 10:56:41'),
(3, '系统错误/system error', 'Column \'round\' cannot be null', 'HdPokerInsurance', 'insert', '2018-03-20 10:57:36'),
(4, '系统错误/system error', 'Column \'round\' cannot be null', 'HdPokerInsurance', 'insert', '2018-03-20 10:58:31'),
(5, '系统错误/system error', 'Column \'pot\' cannot be null', 'HdPokerInsurance', 'insert', '2018-03-20 10:59:33'),
(6, '系统错误/system error', 'Column \'pot\' cannot be null', 'HdPokerInsurance', 'insert', '2018-03-20 10:59:45'),
(7, '系统错误/system error', 'Column \'pot\' cannot be null', 'HdPokerInsurance', 'insert', '2018-03-20 11:00:24'),
(8, '系统错误/system error', NULL, 'HdPokerInsurance', 'chenkUserCode', '2018-03-20 11:13:09'),
(9, '系统错误/system error', NULL, 'HdPokerInsurance', 'chenkUserCode', '2018-03-20 11:13:12'),
(10, '系统错误/system error', NULL, 'HdPokerInsurance', 'chenkUserCode', '2018-03-20 11:17:13'),
(11, '系统错误/system error', NULL, 'HdPokerInsurance', 'chenkUserCode', '2018-03-20 11:19:51'),
(12, '系统错误/system error', NULL, 'HdPokerInsurance', 'chenkUserCode', '2018-03-20 11:19:54'),
(13, '系统错误/system error', NULL, 'HdPokerInsurance', 'chenkUserCode', '2018-03-20 11:20:33'),
(14, '系统错误/system error', NULL, 'HdPokerInsurance', 'chenkUserCode', '2018-03-20 11:20:36'),
(15, '系统错误/system error', NULL, 'HdPokerInsurance', 'chenkUserCode', '2018-03-20 11:21:02'),
(16, '系统错误/system error', NULL, 'HdPokerInsurance', 'chenkUserCode', '2018-03-20 11:21:04'),
(17, '系统错误/system error', NULL, 'HdPokerInsurance', 'chenkUserCode', '2018-03-20 11:21:27'),
(18, '系统错误/system error', NULL, 'HdPokerInsurance', 'chenkUserCode', '2018-03-20 11:21:32'),
(19, '系统错误/system error', NULL, 'HdPokerInsurance', 'insert', '2018-03-20 11:23:26'),
(20, '结果无法储存/can\'t save result', '', 'HdPokerInsurance', 'uploadResult', '2018-03-20 11:31:48'),
(21, '结果无法储存/can\'t save result', '', 'HdPokerInsurance', 'uploadResult', '2018-03-20 11:32:00'),
(22, '系统错误/system error', NULL, 'HdPokerInsurance', 'uploadResult', '2018-03-20 11:32:22'),
(23, '系统错误/system error', NULL, 'HdPokerInsurance', 'uploadResult', '2018-03-20 11:32:45'),
(24, '结果无法储存/can\'t save result', '', 'HdPokerInsurance', 'uploadResult', '2018-03-20 11:32:55'),
(25, '结果无法储存/can\'t save result', '', 'HdPokerInsurance', 'uploadResult', '2018-03-20 11:40:02'),
(26, '结果无法储存/can\'t save result', '', 'HdPokerInsurance', 'uploadResult', '2018-03-20 11:40:05'),
(27, '结果无法储存/can\'t save result', '', 'HdPokerInsurance', 'uploadResult', '2018-03-20 11:40:09'),
(28, '结果无法储存/can\'t save result', '', 'HdPokerInsurance', 'uploadResult', '2018-03-20 11:41:05'),
(29, '尚未登入/please login', NULL, 'Api', 'getUser', '2018-03-20 11:47:41'),
(30, '尚未登入/please login', NULL, 'Api', 'getUser', '2018-03-20 12:59:47'),
(31, '系统错误/system error', NULL, 'HdPokerInsurance', 'insert', '2018-03-20 13:07:53'),
(32, '系统错误/system error', NULL, 'HdPokerInsurance', 'insert', '2018-03-20 13:07:56'),
(33, '系统错误/system error', NULL, 'HdPokerInsurance', 'insert', '2018-03-20 13:08:03'),
(34, '系统错误/system error', NULL, 'HdPokerInsurance', 'insert', '2018-03-20 13:08:22'),
(35, '系统错误/system error', NULL, 'HdPokerInsurance', 'insert', '2018-03-20 13:08:25'),
(36, '系统错误/system error', NULL, 'HdPokerInsurance', 'insert', '2018-03-20 13:08:41'),
(37, '系统错误/system error', NULL, 'HdPokerInsurance', 'insert', '2018-03-20 13:08:55'),
(38, '系统错误/system error', NULL, 'HdPokerInsurance', 'insert', '2018-03-20 13:09:06'),
(39, '系统错误/system error', NULL, 'HdPokerInsurance', 'insert', '2018-03-20 13:09:17'),
(40, '系统错误/system error', NULL, 'HdPokerInsurance', 'insert', '2018-03-20 13:09:52'),
(41, '系统错误/system error', NULL, 'HdPokerInsurance', 'insert', '2018-03-20 13:09:59'),
(42, '系统错误/system error', NULL, 'HdPokerInsurance', 'insert', '2018-03-20 13:10:03'),
(43, '系统错误/system error', NULL, 'HdPokerInsurance', 'insert', '2018-03-20 13:10:09'),
(44, '系统错误/system error', NULL, 'HdPokerInsurance', 'insert', '2018-03-20 13:10:36'),
(45, '系统错误/system error', NULL, 'HdPokerInsurance', 'insert', '2018-03-20 13:10:48'),
(46, '系统错误/system error', NULL, 'HdPokerInsurance', 'insert', '2018-03-20 13:11:13'),
(47, '系统错误/system error', NULL, 'HdPokerInsurance', 'insert', '2018-03-20 13:11:49'),
(48, '系统错误/system error', NULL, 'HdPokerInsurance', 'insert', '2018-03-20 13:11:57'),
(49, '系统错误/system error', NULL, 'HdPokerInsurance', 'insert', '2018-03-20 13:12:11'),
(50, '系统错误/system error', NULL, 'HdPokerInsurance', 'insert', '2018-03-20 13:12:21'),
(51, '系统错误/system error', NULL, 'HdPokerInsurance', 'insert', '2018-03-20 13:13:18'),
(52, '尚未登入/please login', NULL, 'Api', 'getUser', '2018-03-20 13:29:33'),
(53, 'sess is empty', 'Table \'poker.admin_user\' doesn\'t exist', 'AdminApi', 'login', '2018-03-20 14:18:35'),
(54, 'sess is empty', 'Table \'poker.admin_user\' doesn\'t exist', 'AdminApi', 'login', '2018-03-20 14:20:05'),
(55, 'sess is empty', 'Table \'poker.admin_user\' doesn\'t exist', 'AdminApi', 'login', '2018-03-20 14:20:44'),
(56, 'sess is empty', 'Table \'poker.admin_user\' doesn\'t exist', 'AdminApi', 'login', '2018-03-20 14:20:45'),
(57, 'sess is empty', 'Table \'poker.admin_user\' doesn\'t exist', 'AdminApi', 'login', '2018-03-20 14:21:11'),
(58, 'sess is empty', 'Table \'poker.admin_user\' doesn\'t exist', 'AdminApi', 'login', '2018-03-20 14:21:21'),
(59, 'system error', 'Table \'poker.admin_user\' doesn\'t exist', 'AdminApi', 'login', '2018-03-20 14:22:41'),
(60, 'passwd is error', NULL, 'AdminApi', 'login', '2018-03-20 14:23:35'),
(61, 'passwd is error', NULL, 'AdminApi', 'login', '2018-03-20 14:23:39'),
(62, 'sess is empty', 'Table \'poker.admin_role_permissions_link\' doesn\'t exist', 'AdminApi', 'getUser', '2018-03-20 14:23:49'),
(63, 'sess is empty', 'Table \'poker.admin_role_permissions_link\' doesn\'t exist', 'AdminApi', 'getUser', '2018-03-20 14:24:03'),
(64, 'sess is empty', 'Table \'poker.admin_role_permissions_link\' doesn\'t exist', 'AdminApi', 'getUser', '2018-03-20 14:25:39'),
(65, 'sess is empty', 'Table \'poker.admin_role_permissions_link\' doesn\'t exist', 'AdminApi', 'getUser', '2018-03-20 14:26:22'),
(66, 'sess is empty', 'Table \'poker.admin_role_permissions_link\' doesn\'t exist', 'AdminApi', 'getUser', '2018-03-20 14:26:37'),
(67, 'sess is empty', 'Table \'poker.admin_role_permissions_link\' doesn\'t exist', 'AdminApi', 'getUser', '2018-03-20 14:27:41'),
(68, 'sess is empty', 'Table \'poker.admin_role_permissions_link\' doesn\'t exist', 'AdminApi', 'getUser', '2018-03-20 14:29:42'),
(69, 'sess is empty', 'Table \'poker.admin_role_permissions_link\' doesn\'t exist', 'AdminApi', 'getUser', '2018-03-20 14:29:47'),
(70, 'sess is empty', 'Table \'poker.admin_role_permissions_link\' doesn\'t exist', 'AdminApi', 'getUser', '2018-03-20 14:30:10'),
(71, 'sess is empty', 'Table \'poker.admin_role_permissions_link\' doesn\'t exist', 'AdminApi', 'getUser', '2018-03-20 14:30:23'),
(72, 'sess is empty', 'Table \'poker.admin_role_permissions_link\' doesn\'t exist', 'AdminApi', 'getUser', '2018-03-20 14:33:22'),
(73, 'sess is empty', 'Table \'poker.admin_role_permissions_link\' doesn\'t exist', 'AdminApi', 'getUser', '2018-03-20 14:33:48'),
(74, 'sess is empty', 'Table \'poker.admin_role_permissions_link\' doesn\'t exist', 'AdminApi', 'getUser', '2018-03-20 14:34:39'),
(75, 'sess is empty', 'Table \'poker.admin_role_permissions_link\' doesn\'t exist', 'AdminApi', 'getUser', '2018-03-20 14:35:15'),
(76, 'sess is empty', 'Table \'poker.admin_role_permissions_link\' doesn\'t exist', 'AdminApi', 'getUser', '2018-03-20 14:35:17'),
(77, 'sess is empty', 'Table \'poker.admin_role_permissions_link\' doesn\'t exist', 'AdminApi', 'getUser', '2018-03-20 14:35:26'),
(78, 'sess is empty', 'Table \'poker.admin_role_permissions_link\' doesn\'t exist', 'AdminApi', 'getUser', '2018-03-20 14:35:30'),
(79, 'system error', 'Table \'poker.admin_role_permissions_link\' doesn\'t exist', 'AdminApi', 'getUser', '2018-03-20 14:36:21'),
(80, '尚未登入/please login', NULL, 'Api', 'getUser', '2018-03-21 04:25:16'),
(81, '尚未登入/please login', NULL, 'Api', 'getUser', '2018-03-21 04:25:20'),
(82, '尚未登入/please login', NULL, 'Api', 'getUser', '2018-03-21 04:25:26'),
(83, '尚未登入/please login', NULL, 'Api', 'getUser', '2018-03-21 04:25:31'),
(84, 'login is empty', NULL, 'AdminApi', 'getUser', '2018-03-21 04:34:47'),
(85, '系统错误/system error', 'You have an error in your SQL syntax; check the manual that corresponds to your MySQL server version for the right syntax to use near \'WHERE  odds_group_id =1\' at line 4', 'HdPokerInsurance', 'getOdds', '2018-03-21 04:50:26'),
(86, '系统错误/system error', NULL, 'HdPokerInsurance', 'insert', '2018-03-21 05:16:33'),
(87, '系统错误/system error', NULL, 'HdPokerInsurance', 'insert', '2018-03-21 05:16:40'),
(88, '尚未登入/please login', NULL, 'Api', 'getUser', '2018-03-21 06:33:52'),
(89, '尚未登入/please login', NULL, 'Api', 'getUser', '2018-03-21 07:10:58'),
(90, '尚未登入/please login', NULL, 'Api', 'getUser', '2018-03-21 07:10:59'),
(91, '尚未登入/please login', NULL, 'Api', 'getUser', '2018-03-21 07:12:26'),
(92, '尚未登入/please login', NULL, 'Api', 'getUser', '2018-03-21 07:26:14'),
(93, '尚未登入/please login', NULL, 'Api', 'getUser', '2018-03-21 07:26:23'),
(94, '尚未登入/please login', NULL, 'Api', 'getUser', '2018-03-21 07:26:40'),
(95, '尚未登入/please login', NULL, 'Api', 'getUser', '2018-03-21 07:26:51'),
(96, '尚未登入/please login', NULL, 'Api', 'getUser', '2018-03-21 07:27:00'),
(97, '尚未登入/please login', NULL, 'Api', 'getUser', '2018-03-21 07:27:04'),
(98, '尚未登入/please login', NULL, 'Api', 'getUser', '2018-03-21 07:27:17'),
(99, '尚未登入/please login', NULL, 'Api', 'getUser', '2018-03-21 07:27:20'),
(100, '尚未登入/please login', NULL, 'Api', 'getUser', '2018-03-21 07:37:30'),
(101, '尚未登入/please login', NULL, 'Api', 'getUser', '2018-03-21 07:37:35'),
(102, '尚未登入/please login', NULL, 'Api', 'getUser', '2018-03-21 07:37:37'),
(103, '尚未登入/please login', NULL, 'Api', 'getUser', '2018-03-21 07:37:49'),
(104, '尚未登入/please login', NULL, 'Api', 'getUser', '2018-03-21 07:37:56'),
(105, '尚未登入/please login', NULL, 'Api', 'getUser', '2018-03-21 07:38:07'),
(106, '尚未登入/please login', NULL, 'Api', 'getUser', '2018-03-21 07:38:09'),
(107, '尚未登入/please login', NULL, 'Api', 'getUser', '2018-03-21 07:38:20'),
(108, '尚未登入/please login', NULL, 'Api', 'getUser', '2018-03-21 07:38:24'),
(109, '尚未登入/please login', NULL, 'Api', 'getUser', '2018-03-21 07:38:28'),
(110, '尚未登入/please login', NULL, 'Api', 'getUser', '2018-03-21 07:38:33'),
(111, '尚未登入/please login', NULL, 'Api', 'getUser', '2018-03-21 07:39:23'),
(112, '尚未登入/please login', NULL, 'Api', 'getUser', '2018-03-21 07:39:32'),
(113, '尚未登入/please login', NULL, 'Api', 'getUser', '2018-03-21 07:40:44'),
(114, '尚未登入/please login', NULL, 'Api', 'getUser', '2018-03-21 07:40:51'),
(115, '尚未登入/please login', NULL, 'Api', 'getUser', '2018-03-21 07:41:03'),
(116, '尚未登入/please login', NULL, 'Api', 'getUser', '2018-03-21 07:41:06'),
(117, '尚未登入/please login', NULL, 'Api', 'getUser', '2018-03-21 07:41:12'),
(118, '尚未登入/please login', NULL, 'Api', 'getUser', '2018-03-21 07:45:18'),
(119, '尚未登入/please login', NULL, 'Api', 'getUser', '2018-03-21 07:45:20'),
(120, '尚未登入/please login', NULL, 'Api', 'getUser', '2018-03-21 07:45:20'),
(121, '尚未登入/please login', NULL, 'Api', 'getUser', '2018-03-21 07:45:21'),
(122, '尚未登入/please login', NULL, 'Api', 'getUser', '2018-03-21 07:45:22'),
(123, '尚未登入/please login', NULL, 'Api', 'getUser', '2018-03-21 07:45:23'),
(124, '尚未登入/please login', NULL, 'Api', 'getUser', '2018-03-21 07:45:24'),
(125, '尚未登入/please login', NULL, 'Api', 'getUser', '2018-03-21 07:45:24'),
(126, '尚未登入/please login', NULL, 'Api', 'getUser', '2018-03-21 07:45:56'),
(127, '尚未登入/please login', NULL, 'Api', 'getUser', '2018-03-21 07:46:45'),
(128, '系统错误/system error', NULL, 'HdPokerInsurance', '__construct', '2018-03-21 07:46:45'),
(129, '尚未登入/please login', NULL, 'Api', 'getUser', '2018-03-21 07:46:50'),
(130, '系统错误/system error', NULL, 'HdPokerInsurance', '__construct', '2018-03-21 07:46:50'),
(131, '尚未登入/please login', NULL, 'Api', 'getUser', '2018-03-21 07:46:52'),
(132, '系统错误/system error', NULL, 'HdPokerInsurance', '__construct', '2018-03-21 07:46:52'),
(133, '系统错误/system error', NULL, 'HdPokerInsurance', '__construct', '2018-03-21 07:46:56'),
(134, '系统错误/system error', NULL, 'HdPokerInsurance', '__construct', '2018-03-21 07:47:02'),
(135, '尚未登入/please login', NULL, 'Api', 'getUser', '2018-03-21 07:47:07'),
(136, '系统错误/system error', NULL, 'HdPokerInsurance', '__construct', '2018-03-21 07:47:07'),
(137, '系统错误/system error', NULL, 'HdPokerInsurance', '__construct', '2018-03-21 07:47:10'),
(138, '尚未登入/please login', NULL, 'Api', 'getUser', '2018-03-21 07:47:26'),
(139, '系统错误/system error', NULL, 'HdPokerInsurance', '__construct', '2018-03-21 07:47:26'),
(140, '尚未登入/please login', NULL, 'Api', 'getUser', '2018-03-21 07:47:58'),
(141, '系统错误/system error', NULL, 'HdPokerInsurance', '__construct', '2018-03-21 07:47:58'),
(142, '尚未登入/please login', NULL, 'Api', 'getUser', '2018-03-21 07:48:02'),
(143, '系统错误/system error', NULL, 'HdPokerInsurance', '__construct', '2018-03-21 07:48:02'),
(144, '系统错误/system error', NULL, 'HdPokerInsurance', '__construct', '2018-03-21 07:48:15'),
(145, '尚未登入/please login', NULL, 'Api', 'getUser', '2018-03-21 07:51:13'),
(146, '系统错误/system error', NULL, 'HdPokerInsurance', '__construct', '2018-03-21 07:51:13'),
(147, '尚未登入/please login', NULL, 'Api', 'getUser', '2018-03-21 07:51:16'),
(148, '系统错误/system error', NULL, 'HdPokerInsurance', '__construct', '2018-03-21 07:51:16'),
(149, '尚未登入/please login', NULL, 'Api', 'getUser', '2018-03-21 07:54:56'),
(150, '系统错误/system error', NULL, 'HdPokerInsurance', '__construct', '2018-03-21 07:54:56'),
(151, '尚未登入/please login', NULL, 'Api', 'getUser', '2018-03-21 07:54:58'),
(152, '系统错误/system error', NULL, 'HdPokerInsurance', '__construct', '2018-03-21 07:54:59'),
(153, '尚未登入/please login', NULL, 'Api', 'getUser', '2018-03-21 07:55:34'),
(154, '系统错误/system error', NULL, 'HdPokerInsurance', '__construct', '2018-03-21 07:55:34'),
(155, '尚未登入/please login', NULL, 'Api', 'getUser', '2018-03-21 07:55:45'),
(156, '系统错误/system error', NULL, 'HdPokerInsurance', '__construct', '2018-03-21 07:55:45'),
(157, '尚未登入/please login', NULL, 'Api', 'getUser', '2018-03-21 07:56:19'),
(158, '系统错误/system error', NULL, 'HdPokerInsurance', '__construct', '2018-03-21 07:56:19'),
(159, '尚未登入/please login', NULL, 'Api', 'getUser', '2018-03-21 07:56:21'),
(160, '系统错误/system error', NULL, 'HdPokerInsurance', '__construct', '2018-03-21 07:56:21'),
(161, '尚未登入/please login', NULL, 'Api', 'getUser', '2018-03-21 07:56:21'),
(162, '系统错误/system error', NULL, 'HdPokerInsurance', '__construct', '2018-03-21 07:56:22'),
(163, '尚未登入/please login', NULL, 'Api', 'getUser', '2018-03-21 07:56:22'),
(164, '系统错误/system error', NULL, 'HdPokerInsurance', '__construct', '2018-03-21 07:56:22'),
(165, '尚未登入/please login', NULL, 'Api', 'getUser', '2018-03-21 07:56:23'),
(166, '系统错误/system error', NULL, 'HdPokerInsurance', '__construct', '2018-03-21 07:56:23'),
(167, '尚未登入/please login', NULL, 'Api', 'getUser', '2018-03-21 07:56:23'),
(168, '系统错误/system error', NULL, 'HdPokerInsurance', '__construct', '2018-03-21 07:56:23'),
(169, '尚未登入/please login', NULL, 'Api', 'getUser', '2018-03-21 07:56:24'),
(170, '系统错误/system error', NULL, 'HdPokerInsurance', '__construct', '2018-03-21 07:56:24'),
(171, '尚未登入/please login', NULL, 'Api', 'getUser', '2018-03-21 07:56:26'),
(172, '系统错误/system error', NULL, 'HdPokerInsurance', '__construct', '2018-03-21 07:56:26'),
(173, '尚未登入/please login', NULL, 'Api', 'getUser', '2018-03-21 07:57:53'),
(174, '系统错误/system error', NULL, 'HdPokerInsurance', '__construct', '2018-03-21 07:57:53'),
(175, '尚未登入/please login', NULL, 'Api', 'getUser', '2018-03-21 07:57:55'),
(176, '系统错误/system error', NULL, 'HdPokerInsurance', '__construct', '2018-03-21 07:57:55'),
(177, '尚未登入/please login', NULL, 'Api', 'getUser', '2018-03-21 07:57:57'),
(178, '系统错误/system error', NULL, 'HdPokerInsurance', '__construct', '2018-03-21 07:57:57'),
(179, '尚未登入/please login', NULL, 'Api', 'getUser', '2018-03-21 07:58:02'),
(180, '系统错误/system error', NULL, 'HdPokerInsurance', '__construct', '2018-03-21 07:58:02'),
(181, '尚未登入/please login', NULL, 'Api', 'getUser', '2018-03-21 07:58:05'),
(182, '系统错误/system error', NULL, 'HdPokerInsurance', '__construct', '2018-03-21 07:58:05'),
(183, '尚未登入/please login', NULL, 'Api', 'getUser', '2018-03-21 07:58:12'),
(184, '系统错误/system error', NULL, 'HdPokerInsurance', '__construct', '2018-03-21 07:58:13'),
(185, 'login is empty', NULL, 'AdminApi', 'getUser', '2018-03-21 07:59:08'),
(186, 'passwd is error', NULL, 'AdminApi', 'login', '2018-03-21 07:59:09'),
(187, 'passwd is error', NULL, 'AdminApi', 'login', '2018-03-21 07:59:11'),
(188, 'login is empty', NULL, 'AdminApi', 'getUser', '2018-03-21 08:03:33'),
(189, 'passwd is error', NULL, 'AdminApi', 'login', '2018-03-21 08:03:35'),
(190, 'passwd is error', NULL, 'AdminApi', 'login', '2018-03-21 08:04:04'),
(191, 'system error', NULL, 'AdminOrder', 'getList', '2018-03-21 09:16:04'),
(192, 'system error', NULL, 'AdminOrder', 'getList', '2018-03-21 09:17:15'),
(193, 'system error', 's', 'AdminOrder', 'getList', '2018-03-21 09:17:45'),
(194, 'system error', NULL, 'AdminOrder', 'getList', '2018-03-21 09:18:11'),
(195, 'system error', NULL, 'AdminOrder', 'getList', '2018-03-21 09:18:27'),
(196, 'system error', 'Table \'poker.order_detail\' doesn\'t exist', 'AdminOrder', 'getList', '2018-03-21 09:19:54'),
(197, 'system error', 'You have an error in your SQL syntax; check the manual that corresponds to your MySQL server version for the right syntax to use near \'FROM\r\n							texasholdem_insurance_order AS o WHERE 1 = 1 ORDER B', 'AdminOrder', 'getList', '2018-03-21 09:21:04'),
(198, 'system error', 'You have an error in your SQL syntax; check the manual that corresponds to your MySQL server version for the right syntax to use near \'FROM\r\n							texasholdem_insurance_order AS o WHERE 1 = 1 ORDER B', 'AdminOrder', 'getList', '2018-03-21 09:21:26'),
(199, 'system error', 'You have an error in your SQL syntax; check the manual that corresponds to your MySQL server version for the right syntax to use near \'FROM\r\n							texasholdem_insurance_order AS o WHERE 1 = 1 ORDER B', 'AdminOrder', 'getList', '2018-03-21 09:22:23'),
(200, 'system error', 'You have an error in your SQL syntax; check the manual that corresponds to your MySQL server version for the right syntax to use near \'FROM\r\n							texasholdem_insurance_order AS o WHERE 1 = 1 ORDER B', 'AdminOrder', 'getList', '2018-03-21 09:24:44'),
(201, 'system error', 'Unknown column \'o_id\' in \'order clause\'', 'AdminOrder', 'getList', '2018-03-21 09:25:26'),
(202, 'system error', 'Unknown column \'o_id\' in \'order clause\'', 'AdminOrder', 'getList', '2018-03-21 09:25:45'),
(203, 'system error', 'Unknown column \'o.id\' in \'order clause\'', 'AdminOrder', 'getList', '2018-03-21 09:26:06'),
(204, 'system error', 'Unknown column \'o.id\' in \'order clause\'', 'AdminOrder', 'getList', '2018-03-21 09:26:09'),
(205, 'system error', 'Unknown column \'Array\' in \'field list\'', 'AdminOrder', 'getList', '2018-03-21 09:32:01'),
(206, 'system error', 'Unknown column \'Array\' in \'field list\'', 'AdminOrder', 'getList', '2018-03-21 09:32:28'),
(207, 'system error', 'Unknown column \'Array\' in \'field list\'', 'AdminOrder', 'getList', '2018-03-21 09:32:40'),
(208, 'system error', 'Unknown column \'Array\' in \'field list\'', 'AdminOrder', 'getList', '2018-03-21 09:33:05'),
(209, 'system error', 'Unknown column \'Array\' in \'field list\'', 'AdminOrder', 'getList', '2018-03-21 09:33:14'),
(210, 'system error', 'Unknown column \'Array\' in \'field list\'', 'AdminOrder', 'getList', '2018-03-21 09:33:35'),
(211, 'system error', 'Unknown column \'Array\' in \'field list\'', 'AdminOrder', 'getList', '2018-03-21 09:33:46'),
(212, 'system error', 'Unknown column \'Array\' in \'field list\'', 'AdminOrder', 'getList', '2018-03-21 09:33:47'),
(213, 'system error', 'Unknown column \'Array\' in \'field list\'', 'AdminOrder', 'getList', '2018-03-21 09:34:25'),
(214, 'system error', 'You have an error in your SQL syntax; check the manual that corresponds to your MySQL server version for the right syntax to use near \',, FROM\r\n							texasholdem_insurance_order AS o WHERE 1 = 1 ORDE', 'AdminOrder', 'getList', '2018-03-21 09:35:59'),
(215, 'system error', 'You have an error in your SQL syntax; check the manual that corresponds to your MySQL server version for the right syntax to use near \',, FROM\r\n							texasholdem_insurance_order AS o WHERE 1 = 1 ORDE', 'AdminOrder', 'getList', '2018-03-21 09:36:03'),
(216, 'system error', 'You have an error in your SQL syntax; check the manual that corresponds to your MySQL server version for the right syntax to use near \',, FROM\r\n							texasholdem_insurance_order AS o WHERE 1 = 1 ORDE', 'AdminOrder', 'getList', '2018-03-21 09:36:32'),
(217, 'system error', 'You have an error in your SQL syntax; check the manual that corresponds to your MySQL server version for the right syntax to use near \',, FROM\r\n							texasholdem_insurance_order AS o WHERE 1 = 1 ORDE', 'AdminOrder', 'getList', '2018-03-21 09:36:48'),
(218, 'system error', 'You have an error in your SQL syntax; check the manual that corresponds to your MySQL server version for the right syntax to use near \',, FROM\r\n							texasholdem_insurance_order AS o WHERE 1 = 1 ORDE', 'AdminOrder', 'getList', '2018-03-21 09:37:07'),
(219, 'system error', 'You have an error in your SQL syntax; check the manual that corresponds to your MySQL server version for the right syntax to use near \',, FROM\r\n							texasholdem_insurance_order AS o WHERE 1 = 1 ORDE', 'AdminOrder', 'getList', '2018-03-21 09:37:18'),
(220, '尚未登入/please login', NULL, 'Api', 'getUser', '2018-03-21 09:41:52'),
(221, '系统错误/system error', NULL, 'HdPokerInsurance', '__construct', '2018-03-21 09:41:52'),
(222, '尚未登入/please login', NULL, 'Api', 'getUser', '2018-03-21 10:42:30'),
(223, '系统错误/system error', NULL, 'HdPokerInsurance', '__construct', '2018-03-21 10:42:30'),
(224, '尚未登入/please login', NULL, 'Api', 'getUser', '2018-03-21 10:44:07'),
(225, '系统错误/system error', NULL, 'HdPokerInsurance', '__construct', '2018-03-21 10:44:07'),
(226, '尚未登入/please login', NULL, 'Api', 'getUser', '2018-03-21 10:44:55'),
(227, '系统错误/system error', NULL, 'HdPokerInsurance', '__construct', '2018-03-21 10:44:55'),
(228, 'login is empty', NULL, 'AdminApi', 'getUser', '2018-03-21 11:20:42'),
(229, 'passwd is error', NULL, 'AdminApi', 'login', '2018-03-21 11:20:45'),
(230, '系统错误/system error', 'Unknown column \'players\' in \'field list\'', 'HdPokerInsurance', 'insert', '2018-03-21 11:26:08'),
(231, '系统错误/system error', 'Unknown column \'players\' in \'field list\'', 'HdPokerInsurance', 'insert', '2018-03-21 11:26:13'),
(232, '结果无法储存/can\'t save result', '', 'HdPokerInsurance', 'uploadResult', '2018-03-21 11:59:15'),
(233, '结果无法储存/can\'t save result', '', 'HdPokerInsurance', 'uploadResult', '2018-03-21 12:00:31'),
(234, '结果无法储存/can\'t save result', '', 'HdPokerInsurance', 'uploadResult', '2018-03-21 12:05:00'),
(235, '结果无法储存/can\'t save result', '', 'HdPokerInsurance', 'uploadResult', '2018-03-21 12:05:02'),
(236, 'login is empty', NULL, 'AdminApi', 'getUser', '2018-03-21 12:53:08'),
(237, '尚未登入/please login', NULL, 'Api', 'getUser', '2018-03-22 04:45:46'),
(238, '系统错误/system error', NULL, 'HdPokerInsurance', '__construct', '2018-03-22 04:45:46'),
(239, '系统错误/system error', 'Unknown column \'COUNT\' in \'field list\'', 'HdPokerInsurance', 'insert', '2018-03-22 05:18:23'),
(240, '系统错误/system error', 'Unknown column \'COUNT\' in \'field list\'', 'HdPokerInsurance', 'insert', '2018-03-22 05:18:27'),
(241, '系统错误/system error', 'Unknown column \'COUNT\' in \'field list\'', 'HdPokerInsurance', 'insert', '2018-03-22 05:18:50'),
(242, '系统错误/system error', 'Unknown column \'COUNT\' in \'field list\'', 'HdPokerInsurance', 'insert', '2018-03-22 05:19:28'),
(243, '系统错误/system error', 'Unknown column \'COUNT\' in \'field list\'', 'HdPokerInsurance', 'insert', '2018-03-22 05:19:37'),
(244, '系统错误/system error', 'Unknown column \'COUNT\' in \'field list\'', 'HdPokerInsurance', 'insert', '2018-03-22 05:19:49'),
(245, '系统错误/system error', 'Unknown column \'COUNT\' in \'field list\'', 'HdPokerInsurance', 'insert', '2018-03-22 05:20:28'),
(246, '系统错误/system error', 'Unknown column \'COUNT\' in \'field list\'', 'HdPokerInsurance', 'insert', '2018-03-22 05:21:44'),
(247, '系统错误/system error', 'You have an error in your SQL syntax; check the manual that corresponds to your MySQL server version for the right syntax to use near \'== 1 , 1,2  )) FROM texasholdem_insurance_order WHERE order_numbe', 'HdPokerInsurance', 'insert', '2018-03-22 05:25:59'),
(248, '系统错误/system error', 'You have an error in your SQL syntax; check the manual that corresponds to your MySQL server version for the right syntax to use near \'== 1 , 1,2  )) FROM texasholdem_insurance_order WHERE order_numbe', 'HdPokerInsurance', 'insert', '2018-03-22 05:26:02'),
(249, '系统错误/system error', 'You have an error in your SQL syntax; check the manual that corresponds to your MySQL server version for the right syntax to use near \'== 0 , 1,1  )) FROM texasholdem_insurance_order WHERE order_numbe', 'HdPokerInsurance', 'insert', '2018-03-22 05:31:39'),
(250, '系统错误/system error', 'You have an error in your SQL syntax; check the manual that corresponds to your MySQL server version for the right syntax to use near \'FROM texasholdem_insurance_order WHERE order_number =\'20180322000', 'HdPokerInsurance', 'insert', '2018-03-22 05:39:14'),
(251, '系统错误/system error', 'You have an error in your SQL syntax; check the manual that corresponds to your MySQL server version for the right syntax to use near \'FROM texasholdem_insurance_order WHERE order_number =\'20180322000', 'HdPokerInsurance', 'insert', '2018-03-22 05:39:16'),
(252, '系统错误/system error', 'You have an error in your SQL syntax; check the manual that corresponds to your MySQL server version for the right syntax to use near \'),1,2),\r\n							LPAD(FLOOR(1 + (RAND() * 999)),3,0)\r\n							) AS ', 'HdPokerInsurance', 'insert', '2018-03-22 05:40:02'),
(253, '系统错误/system error', 'You have an error in your SQL syntax; check the manual that corresponds to your MySQL server version for the right syntax to use near \'),1,2),\r\n							LPAD(FLOOR(1 + (RAND() * 999)),3,0)\r\n							) AS ', 'HdPokerInsurance', 'insert', '2018-03-22 05:40:03'),
(254, '系统错误/system error', 'You have an error in your SQL syntax; check the manual that corresponds to your MySQL server version for the right syntax to use near \') > 1),1,2),\r\n							LPAD(FLOOR(1 + (RAND() * 999)),3,0)\r\n							', 'HdPokerInsurance', 'insert', '2018-03-22 05:40:24'),
(255, '系统错误/system error', 'You have an error in your SQL syntax; check the manual that corresponds to your MySQL server version for the right syntax to use near \') > 1),1,2),\r\n							LPAD(FLOOR(1 + (RAND() * 999)),3,0)\r\n							', 'HdPokerInsurance', 'insert', '2018-03-22 05:40:41'),
(256, '系统错误/system error', 'You have an error in your SQL syntax; check the manual that corresponds to your MySQL server version for the right syntax to use near \') AS order_number\' at line 7', 'HdPokerInsurance', 'insert', '2018-03-22 05:41:47'),
(257, '系统错误/system error', 'You have an error in your SQL syntax; check the manual that corresponds to your MySQL server version for the right syntax to use near \') >1 , 1,2 ) ,\r\n							LPAD(FLOOR(1 + (RAND() * 999)),3,0)\r\n					', 'HdPokerInsurance', 'insert', '2018-03-22 05:42:41'),
(258, '系统错误/system error', 'You have an error in your SQL syntax; check the manual that corresponds to your MySQL server version for the right syntax to use near \')>1,1,2),\r\n							LPAD(FLOOR(1 + (RAND() * 999)),3,0)\r\n							) A', 'HdPokerInsurance', 'insert', '2018-03-22 05:43:50'),
(259, '系统错误/system error', 'You have an error in your SQL syntax; check the manual that corresponds to your MySQL server version for the right syntax to use near \'?\r\n							) AS order_number\' at line 5', 'HdPokerInsurance', 'insert', '2018-03-22 06:18:48'),
(260, '系统错误/system error', 'You have an error in your SQL syntax; check the manual that corresponds to your MySQL server version for the right syntax to use near \'?\r\n							) AS order_number\' at line 5', 'HdPokerInsurance', 'insert', '2018-03-22 06:18:50'),
(261, '系统错误/system error', 'You have an error in your SQL syntax; check the manual that corresponds to your MySQL server version for the right syntax to use near \'?\r\n							) AS order_number\' at line 5', 'HdPokerInsurance', 'insert', '2018-03-22 06:18:56'),
(262, '系统错误/system error', 'You have an error in your SQL syntax; check the manual that corresponds to your MySQL server version for the right syntax to use near \'?\r\n							) AS order_number\' at line 5', 'HdPokerInsurance', 'insert', '2018-03-22 06:19:17'),
(263, '系统错误/system error', 'You have an error in your SQL syntax; check the manual that corresponds to your MySQL server version for the right syntax to use near \'?\r\n							) AS order_number\' at line 11', 'HdPokerInsurance', 'insert', '2018-03-22 06:20:28'),
(264, '系统错误/system error', 'Duplicate entry \'18032213041T\' for key \'order_number\'', 'HdPokerInsurance', 'insert', '2018-03-22 06:27:34'),
(265, '系统错误/system error', 'Duplicate entry \'18032213041T\' for key \'order_number\'', 'HdPokerInsurance', 'insert', '2018-03-22 06:27:51'),
(266, '系统错误/system error', 'Duplicate entry \'18032213042T\' for key \'order_number\'', 'HdPokerInsurance', 'insert', '2018-03-22 06:28:49'),
(267, '系统错误/system error', NULL, 'HdPokerInsurance', 'insert', '2018-03-22 06:35:48'),
(268, '系统错误/system error', 'Duplicate entry \'18032213042T\' for key \'order_number\'', 'HdPokerInsurance', 'insert', '2018-03-22 06:36:38'),
(269, '系统错误/system error', 'Duplicate entry \'18032213042T\' for key \'order_number\'', 'HdPokerInsurance', 'insert', '2018-03-22 06:36:43'),
(270, 'login is empty', NULL, 'AdminApi', 'getUser', '2018-03-22 08:17:39'),
(271, 'passwd is error', NULL, 'AdminApi', 'login', '2018-03-22 08:17:40'),
(272, '系统错误/system error', NULL, 'HdPokerInsurance', 'uploadResult', '2018-03-22 08:26:10'),
(273, '结果无法储存/can\'t save result', '', 'HdPokerInsurance', 'uploadResult', '2018-03-22 08:27:31'),
(274, '系统错误/system error', NULL, 'HdPokerInsurance', 'insert', '2018-03-22 08:30:45'),
(275, '系统错误/system error', NULL, 'HdPokerInsurance', 'insert', '2018-03-22 08:30:47'),
(276, '系统错误/system error', NULL, 'HdPokerInsurance', 'insert', '2018-03-22 08:30:50'),
(277, '结果无法储存/can\'t save result', '', 'HdPokerInsurance', 'uploadResult', '2018-03-22 08:33:02'),
(278, '结果无法储存/can\'t save result', '', 'HdPokerInsurance', 'uploadResult', '2018-03-22 08:33:49'),
(279, '结果无法储存/can\'t save result', '', 'HdPokerInsurance', 'uploadResult', '2018-03-22 08:33:58'),
(280, '结果无法储存/can\'t save result', '', 'HdPokerInsurance', 'uploadResult', '2018-03-22 08:35:30'),
(281, '结果无法储存/can\'t save result', '', 'HdPokerInsurance', 'uploadResult', '2018-03-22 08:36:32'),
(282, '结果无法储存/can\'t save result', '', 'HdPokerInsurance', 'uploadResult', '2018-03-22 08:36:55'),
(283, '系统错误/system error', NULL, 'HdPokerInsurance', 'uploadResult', '2018-03-22 08:37:15'),
(284, '结果无法储存/can\'t save result', '', 'HdPokerInsurance', 'uploadResult', '2018-03-22 08:37:46'),
(285, '结果无法储存/can\'t save result', '', 'HdPokerInsurance', 'uploadResult', '2018-03-22 08:38:28'),
(286, '结果无法储存/can\'t save result', '', 'HdPokerInsurance', 'uploadResult', '2018-03-22 08:40:52'),
(287, '系统错误/system error', NULL, 'HdPokerInsurance', '__construct', '2018-03-22 08:52:16'),
(288, '系统错误/system error', NULL, 'HdPokerInsurance', '__construct', '2018-03-22 08:52:25'),
(289, '系统错误/system error', NULL, 'HdPokerInsurance', '__construct', '2018-03-22 08:52:47'),
(290, '系统错误/system error', NULL, 'HdPokerInsurance', '__construct', '2018-03-22 08:52:56'),
(291, '系统错误/system error', NULL, 'HdPokerInsurance', '__construct', '2018-03-22 08:53:06'),
(292, '系统错误/system error', NULL, 'HdPokerInsurance', '__construct', '2018-03-22 08:53:14'),
(293, '系统错误/system error', NULL, 'HdPokerInsurance', '__construct', '2018-03-22 08:53:20'),
(294, '系统错误/system error', NULL, 'HdPokerInsurance', '__construct', '2018-03-22 08:54:20'),
(295, '系统错误/system error', NULL, 'HdPokerInsurance', '__construct', '2018-03-22 08:54:24'),
(296, '系统错误/system error', NULL, 'HdPokerInsurance', '__construct', '2018-03-22 09:04:10'),
(297, '尚未登入/please login', NULL, 'Api', 'getUser', '2018-03-22 09:05:13'),
(298, '系统错误/system error', NULL, 'HdPokerInsurance', '__construct', '2018-03-22 09:05:13'),
(299, '系统错误/system error', NULL, 'HdPokerInsurance', '__construct', '2018-03-22 09:05:14'),
(300, '尚未登入/please login', NULL, 'Api', 'getUser', '2018-03-22 09:05:22'),
(301, '系统错误/system error', NULL, 'HdPokerInsurance', '__construct', '2018-03-22 09:05:22'),
(302, '系统错误/system error', NULL, 'HdPokerInsurance', '__construct', '2018-03-22 09:05:23'),
(303, '尚未登入/please login', NULL, 'Api', 'getUser', '2018-03-22 09:05:30'),
(304, '系统错误/system error', NULL, 'HdPokerInsurance', '__construct', '2018-03-22 09:05:30'),
(305, '系统错误/system error', NULL, 'HdPokerInsurance', '__construct', '2018-03-22 09:05:32'),
(306, '尚未登入/please login', NULL, 'Api', 'getUser', '2018-03-22 09:06:01'),
(307, '系统错误/system error', NULL, 'HdPokerInsurance', '__construct', '2018-03-22 09:06:01'),
(308, '系统错误/system error', NULL, 'HdPokerInsurance', '__construct', '2018-03-22 09:06:03'),
(309, '尚未登入/please login', NULL, 'Api', 'getUser', '2018-03-22 09:06:05'),
(310, '系统错误/system error', NULL, 'HdPokerInsurance', '__construct', '2018-03-22 09:06:05'),
(311, '尚未登入/please login', NULL, 'Api', 'getUser', '2018-03-22 09:11:54'),
(312, '系统错误/system error', NULL, 'HdPokerInsurance', '__construct', '2018-03-22 09:11:54'),
(313, '系统错误/system error', NULL, 'HdPokerInsurance', '__construct', '2018-03-22 09:11:56'),
(314, '尚未登入/please login', NULL, 'Api', 'getUser', '2018-03-22 09:11:57'),
(315, '系统错误/system error', NULL, 'HdPokerInsurance', '__construct', '2018-03-22 09:11:57'),
(316, '系统错误/system error', NULL, 'HdPokerInsurance', '__construct', '2018-03-22 09:11:59'),
(317, '尚未登入/please login', NULL, 'Api', 'getUser', '2018-03-22 09:12:01'),
(318, '系统错误/system error', NULL, 'HdPokerInsurance', '__construct', '2018-03-22 09:12:01'),
(319, '系统错误/system error', NULL, 'HdPokerInsurance', '__construct', '2018-03-22 09:12:03'),
(320, '尚未登入/please login', NULL, 'Api', 'getUser', '2018-03-22 09:12:11'),
(321, '系统错误/system error', NULL, 'HdPokerInsurance', '__construct', '2018-03-22 09:12:11'),
(322, '系统错误/system error', NULL, 'HdPokerInsurance', '__construct', '2018-03-22 09:12:15'),
(323, '尚未登入/please login', NULL, 'Api', 'getUser', '2018-03-22 09:12:21'),
(324, '系统错误/system error', NULL, 'HdPokerInsurance', '__construct', '2018-03-22 09:12:21'),
(325, '系统错误/system error', NULL, 'HdPokerInsurance', '__construct', '2018-03-22 09:12:23'),
(326, '尚未登入/please login', NULL, 'Api', 'getUser', '2018-03-22 09:12:25'),
(327, '系统错误/system error', NULL, 'HdPokerInsurance', '__construct', '2018-03-22 09:12:25'),
(328, '系统错误/system error', NULL, 'HdPokerInsurance', '__construct', '2018-03-22 09:12:26'),
(329, '尚未登入/please login', NULL, 'Api', 'getUser', '2018-03-22 09:12:34'),
(330, '系统错误/system error', NULL, 'HdPokerInsurance', '__construct', '2018-03-22 09:12:34'),
(331, '系统错误/system error', NULL, 'HdPokerInsurance', '__construct', '2018-03-22 09:12:37'),
(332, '尚未登入/please login', NULL, 'Api', 'getUser', '2018-03-22 09:12:41'),
(333, '结果无法储存/can\'t save result', '', 'HdPokerInsurance', 'uploadResult', '2018-03-22 09:13:17'),
(334, '尚未登入/please login', NULL, 'Api', 'getUser', '2018-03-22 09:18:11'),
(335, '系统错误/system error', NULL, 'HdPokerInsurance', '__construct', '2018-03-22 09:18:11'),
(336, 'login is empty', NULL, 'AdminApi', 'getUser', '2018-03-22 09:22:12'),
(337, 'passwd is error', NULL, 'AdminApi', 'login', '2018-03-22 09:22:13'),
(338, '系统错误/system error', 'Duplicate entry \'180322160152\' for key \'order_number\'', 'HdPokerInsurance', 'insert', '2018-03-22 09:33:13'),
(339, 'system error', 'You have an error in your SQL syntax; check the manual that corresponds to your MySQL server version for the right syntax to use near \'WHER \"pay\" THEN (0-o.pay_amount) ELSE o.buy_amount  END ) AS inco', 'AdminOrder', 'getList', '2018-03-22 09:39:24'),
(340, 'login is empty', NULL, 'AdminApi', 'getUser', '2018-03-22 11:09:05'),
(341, 'passwd is error', NULL, 'AdminApi', 'login', '2018-03-22 11:09:07'),
(342, 'system error', 'You have an error in your SQL syntax; check the manual that corresponds to your MySQL server version for the right syntax to use near \'AS buy_amount AS total FROM(	SELECT order_id AS id,o.order_number', 'AdminOrder', 'getList', '2018-03-22 12:13:19'),
(343, 'system error', 'You have an error in your SQL syntax; check the manual that corresponds to your MySQL server version for the right syntax to use near \'AS buy_amount FROM(	SELECT order_id AS id,o.order_number,o.round,', 'AdminOrder', 'getList', '2018-03-22 12:14:00'),
(344, 'system error', 'You have an error in your SQL syntax; check the manual that corresponds to your MySQL server version for the right syntax to use near \'AS buy_amount FROM(	SELECT order_id AS id,o.order_number,o.round,', 'AdminOrder', 'getList', '2018-03-22 12:14:38'),
(345, 'system error', 'You have an error in your SQL syntax; check the manual that corresponds to your MySQL server version for the right syntax to use near \'AS buy_amount FROM(	SELECT order_id AS id,o.order_number,o.round,', 'AdminOrder', 'getList', '2018-03-22 12:15:06'),
(346, '系统错误/system error', NULL, 'HdPokerInsurance', '__construct', '2018-03-22 13:18:51'),
(347, '尚未登入/please login', NULL, 'Api', 'getUser', '2018-03-22 13:18:51'),
(348, 'login is empty', NULL, 'AdminApi', 'getUser', '2018-03-22 13:18:54'),
(349, 'passwd is error', NULL, 'AdminApi', 'login', '2018-03-22 13:18:55'),
(350, 'system error', 'You have an error in your SQL syntax; check the manual that corresponds to your MySQL server version for the right syntax to use near \') AS buy_amount FROM(	SELECT order_id AS id,o.order_number,o.roun', 'AdminOrder', 'getList', '2018-03-22 13:31:32'),
(351, 'system error', 'You have an error in your SQL syntax; check the manual that corresponds to your MySQL server version for the right syntax to use near \'(SUM(t.pay_amount),2) AS pay_amount FROM(	SELECT order_id AS id,o', 'AdminOrder', 'getList', '2018-03-22 13:38:15'),
(352, 'system error', 'You have an error in your SQL syntax; check the manual that corresponds to your MySQL server version for the right syntax to use near \'(SUM(t.pay_amount),2) AS pay_amount FROM(	SELECT order_id AS id,o', 'AdminOrder', 'getList', '2018-03-22 13:38:28'),
(353, '尚未登入/please login', NULL, 'Api', 'getUser', '2018-03-22 14:15:48'),
(354, '系统错误/system error', NULL, 'HdPokerInsurance', '__construct', '2018-03-22 14:15:49'),
(355, 'no permissions', NULL, 'AdminOdds', '__construct', '2018-03-22 14:29:29'),
(356, 'no permissions', NULL, 'AdminOdds', '__construct', '2018-03-22 14:30:03'),
(357, 'no permissions', NULL, 'AdminOdds', '__construct', '2018-03-22 14:30:23'),
(358, 'no permissions', NULL, 'AdminOdds', '__construct', '2018-03-22 14:38:39'),
(359, 'no permissions', NULL, 'AdminOdds', '__construct', '2018-03-22 14:43:47'),
(360, 'no permissions', NULL, 'AdminOdds', '__construct', '2018-03-22 14:43:50'),
(361, 'no permissions', NULL, 'AdminOdds', '__construct', '2018-03-22 14:43:53'),
(362, '尚未登入/please login', NULL, 'Api', 'getUser', '2018-03-23 06:08:12'),
(363, '系统错误/system error', NULL, 'HdPokerInsurance', '__construct', '2018-03-23 06:08:12'),
(364, '密码错误/password error', NULL, 'Api', 'login', '2018-03-23 06:08:17'),
(365, 'login is empty', NULL, 'AdminApi', 'getUser', '2018-03-23 06:08:58'),
(366, 'passwd is error', NULL, 'AdminApi', 'login', '2018-03-23 06:09:04'),
(367, '密码错误/password error', NULL, 'Api', 'login', '2018-03-23 06:29:17'),
(368, '密码错误/password error', NULL, 'Api', 'login', '2018-03-23 06:29:26'),
(369, '密码错误/password error', NULL, 'Api', 'login', '2018-03-23 06:29:30'),
(370, 'login is empty', NULL, 'AdminApi', 'getUser', '2018-03-23 10:44:45'),
(371, 'passwd is error', NULL, 'AdminApi', 'login', '2018-03-23 10:44:51'),
(372, '尚未登入/please login', NULL, 'Api', 'getUser', '2018-03-24 12:12:49'),
(373, '系统错误/system error', NULL, 'HdPokerInsurance', '__construct', '2018-03-24 12:12:49'),
(374, '请输入必填栏位/please check require', NULL, 'Api', 'login', '2018-03-24 15:47:27'),
(375, '密码错误/password error', NULL, 'Api', 'login', '2018-03-25 03:24:19'),
(376, '密码错误/password error', NULL, 'Api', 'login', '2018-03-25 03:25:43'),
(377, '密码错误/password error', NULL, 'Api', 'login', '2018-03-25 03:26:40'),
(378, '尚未登入/please login', NULL, 'Api', 'getUser', '2018-03-25 06:35:48'),
(379, '系统错误/system error', NULL, 'HdPokerInsurance', '__construct', '2018-03-25 06:35:48'),
(380, '尚未登入/please login', NULL, 'Api', 'getUser', '2018-03-25 07:37:28'),
(381, '系统错误/system error', NULL, 'HdPokerInsurance', '__construct', '2018-03-25 07:37:28'),
(382, '尚未登入/please login', NULL, 'Api', 'getUser', '2018-03-25 09:43:19'),
(383, '系统错误/system error', NULL, 'HdPokerInsurance', '__construct', '2018-03-25 09:43:20'),
(384, '密码错误/password error', NULL, 'Api', 'login', '2018-03-25 09:43:25'),
(385, '尚未登入/please login', NULL, 'Api', 'getUser', '2018-03-25 10:39:12'),
(386, '系统错误/system error', NULL, 'HdPokerInsurance', '__construct', '2018-03-25 10:39:12'),
(387, '密码错误/password error', NULL, 'Api', 'login', '2018-03-25 10:39:17'),
(388, '尚未登入/please login', NULL, 'Api', 'getUser', '2018-03-25 10:40:16'),
(389, '系统错误/system error', NULL, 'HdPokerInsurance', '__construct', '2018-03-25 10:40:16'),
(390, '尚未登入/please login', NULL, 'Api', 'getUser', '2018-03-25 10:41:12'),
(391, '系统错误/system error', NULL, 'HdPokerInsurance', '__construct', '2018-03-25 10:41:12'),
(392, 'login is empty', NULL, 'AdminApi', 'getUser', '2018-03-25 10:49:24'),
(393, '尚未登入/please login', NULL, 'Api', 'getUser', '2018-03-25 11:34:57'),
(394, '系统错误/system error', NULL, 'HdPokerInsurance', '__construct', '2018-03-25 11:34:57'),
(395, '尚未登入/please login', NULL, 'Api', 'getUser', '2018-03-25 12:26:47'),
(396, '系统错误/system error', NULL, 'HdPokerInsurance', '__construct', '2018-03-25 12:26:48'),
(397, '尚未登入/please login', NULL, 'Api', 'getUser', '2018-03-25 12:37:13'),
(398, '系统错误/system error', NULL, 'HdPokerInsurance', '__construct', '2018-03-25 12:37:13'),
(399, 'login is empty', NULL, 'AdminApi', 'getUser', '2018-03-25 13:15:36'),
(400, '尚未登入/please login', NULL, 'Api', 'getUser', '2018-03-25 14:40:58'),
(401, '系统错误/system error', NULL, 'HdPokerInsurance', '__construct', '2018-03-25 14:40:59'),
(402, 'login is empty', NULL, 'AdminApi', 'getUser', '2018-03-25 14:51:18'),
(403, 'login is empty', NULL, 'AdminApi', 'getUser', '2018-03-25 14:51:18'),
(404, 'account does not exist', NULL, 'AdminApi', 'login', '2018-03-25 14:51:49'),
(405, 'account does not exist', NULL, 'AdminApi', 'login', '2018-03-25 14:51:54'),
(406, '尚未登入/please login', NULL, 'Api', 'getUser', '2018-03-25 15:09:01'),
(407, '系统错误/system error', NULL, 'HdPokerInsurance', '__construct', '2018-03-25 15:09:01'),
(408, 'login is empty', NULL, 'AdminApi', 'getUser', '2018-03-25 15:09:07'),
(409, '查无此帐号/ account not exist', NULL, 'Api', 'login', '2018-03-25 15:17:00'),
(410, '查无此帐号/ account not exist', NULL, 'Api', 'login', '2018-03-25 15:20:34'),
(411, '尚未登入/please login', NULL, 'Api', 'getUser', '2018-03-25 15:24:32'),
(412, '系统错误/system error', NULL, 'HdPokerInsurance', '__construct', '2018-03-25 15:24:32'),
(413, 'login is empty', NULL, 'AdminApi', 'getUser', '2018-03-25 16:57:02'),
(414, 'passwd is error', NULL, 'AdminApi', 'login', '2018-03-25 17:20:21'),
(415, '尚未登入/please login', NULL, 'Api', 'getUser', '2018-03-25 17:21:51'),
(416, '系统错误/system error', NULL, 'HdPokerInsurance', '__construct', '2018-03-25 17:21:52'),
(417, '系统错误/system error', NULL, 'HdPokerInsurance', 'insert', '2018-03-25 17:24:18'),
(418, 'login is empty', NULL, 'AdminApi', 'getUser', '2018-03-25 17:26:05'),
(419, 'login is empty', NULL, 'AdminApi', 'getUser', '2018-03-25 17:29:19'),
(420, 'login is empty', NULL, 'AdminApi', 'getUser', '2018-03-25 17:33:49'),
(421, 'login is empty', NULL, 'AdminApi', 'getUser', '2018-03-25 18:02:33'),
(422, '尚未登入/please login', NULL, 'Api', 'getUser', '2018-03-26 00:12:20'),
(423, '系统错误/system error', NULL, 'HdPokerInsurance', '__construct', '2018-03-26 00:12:20'),
(424, 'login is empty', NULL, 'AdminApi', 'getUser', '2018-03-26 03:56:47'),
(425, 'passwd is error', NULL, 'AdminApi', 'login', '2018-03-26 03:57:03'),
(426, '尚未登入/please login', NULL, 'Api', 'getUser', '2018-03-26 04:38:32'),
(427, '系统错误/system error', NULL, 'HdPokerInsurance', '__construct', '2018-03-26 04:38:33'),
(428, '查无此帐号/ account not exist', NULL, 'Api', 'login', '2018-03-26 04:38:45'),
(429, '尚未登入/please login', NULL, 'Api', 'getUser', '2018-03-26 04:40:13'),
(430, '系统错误/system error', NULL, 'HdPokerInsurance', '__construct', '2018-03-26 04:40:14'),
(431, '尚未登入/please login', NULL, 'Api', 'getUser', '2018-03-26 05:11:01'),
(432, '系统错误/system error', NULL, 'HdPokerInsurance', '__construct', '2018-03-26 05:11:01'),
(433, '尚未登入/please login', NULL, 'Api', 'getUser', '2018-03-26 05:38:50'),
(434, '系统错误/system error', NULL, 'HdPokerInsurance', '__construct', '2018-03-26 05:38:50'),
(435, 'login is empty', NULL, 'AdminApi', 'getUser', '2018-03-26 06:06:57'),
(436, '尚未登入/please login', NULL, 'Api', 'getUser', '2018-03-26 09:41:07'),
(437, '系统错误/system error', NULL, 'HdPokerInsurance', '__construct', '2018-03-26 09:41:08'),
(438, '尚未登入/please login', NULL, 'Api', 'getUser', '2018-03-26 09:52:18'),
(439, '系统错误/system error', NULL, 'HdPokerInsurance', '__construct', '2018-03-26 09:52:19'),
(440, '密码错误/password error', NULL, 'Api', 'login', '2018-03-26 09:52:28'),
(441, 'login is empty', NULL, 'AdminApi', 'getUser', '2018-03-26 10:00:26'),
(442, '尚未登入/please login', NULL, 'Api', 'getUser', '2018-03-26 11:19:16'),
(443, '系统错误/system error', NULL, 'HdPokerInsurance', '__construct', '2018-03-26 11:19:17'),
(444, '尚未登入/please login', NULL, 'Api', 'getUser', '2018-03-26 11:19:39'),
(445, 'login is empty', NULL, 'AdminApi', 'getUser', '2018-03-26 11:19:46'),
(446, '尚未登入/please login', NULL, 'Api', 'getUser', '2018-03-26 11:20:35'),
(447, '系统错误/system error', NULL, 'HdPokerInsurance', '__construct', '2018-03-26 11:20:39'),
(448, 'login is empty', NULL, 'AdminApi', 'getUser', '2018-03-26 11:21:56'),
(449, '尚未登入/please login', NULL, 'Api', 'getUser', '2018-03-26 11:24:33'),
(450, '系统错误/system error', NULL, 'HdPokerInsurance', '__construct', '2018-03-26 11:24:34'),
(451, 'login is empty', NULL, 'AdminApi', 'getUser', '2018-03-26 12:17:55'),
(452, '尚未登入/please login', NULL, 'Api', 'getUser', '2018-03-26 14:19:22'),
(453, '系统错误/system error', NULL, 'HdPokerInsurance', '__construct', '2018-03-26 14:19:22'),
(454, 'login is empty', NULL, 'AdminApi', 'getUser', '2018-03-26 14:21:09'),
(455, 'login is empty', NULL, 'AdminApi', 'getUser', '2018-03-26 14:54:08'),
(456, '尚未登入/please login', NULL, 'Api', 'getUser', '2018-03-26 15:29:28'),
(457, '系统错误/system error', NULL, 'HdPokerInsurance', '__construct', '2018-03-26 15:29:28'),
(458, 'login is empty', NULL, 'AdminApi', 'getUser', '2018-03-26 16:00:17'),
(459, 'login is empty', NULL, 'AdminApi', 'getUser', '2018-03-26 16:25:54'),
(460, 'login is empty', NULL, 'AdminApi', 'getUser', '2018-03-26 16:25:56'),
(461, 'passwd is error', NULL, 'AdminApi', 'login', '2018-03-26 16:26:03'),
(462, '尚未登入/please login', NULL, 'Api', 'getUser', '2018-03-26 17:36:39'),
(463, '系统错误/system error', NULL, 'HdPokerInsurance', '__construct', '2018-03-26 17:36:39'),
(464, '密码错误/password error', NULL, 'Api', 'login', '2018-03-26 17:36:49'),
(465, 'login is empty', NULL, 'AdminApi', 'getUser', '2018-03-26 18:33:00'),
(466, '尚未登入/please login', NULL, 'Api', 'getUser', '2018-03-26 19:42:57'),
(467, '系统错误/system error', NULL, 'HdPokerInsurance', '__construct', '2018-03-26 19:42:58'),
(468, '尚未登入/please login', NULL, 'Api', 'getUser', '2018-03-26 22:45:18'),
(469, '系统错误/system error', NULL, 'HdPokerInsurance', '__construct', '2018-03-26 22:45:18'),
(470, 'login is empty', NULL, 'AdminApi', 'getUser', '2018-03-27 00:44:28'),
(471, '尚未登入/please login', NULL, 'Api', 'getUser', '2018-03-27 00:54:56'),
(472, '系统错误/system error', NULL, 'HdPokerInsurance', '__construct', '2018-03-27 00:55:01'),
(473, 'login is empty', NULL, 'AdminApi', 'getUser', '2018-03-27 02:20:20'),
(474, 'login is empty', NULL, 'AdminApi', 'getUser', '2018-03-27 02:59:26'),
(475, 'account does not exist', NULL, 'AdminApi', 'login', '2018-03-27 02:59:44'),
(476, '密码错误/password error', NULL, 'Api', 'login', '2018-03-27 04:23:52'),
(477, 'login is empty', NULL, 'AdminApi', 'getUser', '2018-03-27 04:53:12'),
(478, '尚未登入/please login', NULL, 'Api', 'getUser', '2018-03-27 06:04:53'),
(479, '系统错误/system error', NULL, 'HdPokerInsurance', '__construct', '2018-03-27 06:04:54'),
(480, 'login is empty', NULL, 'AdminApi', 'getUser', '2018-03-27 06:09:53'),
(481, '尚未登入/please login', NULL, 'Api', 'getUser', '2018-03-27 07:17:20'),
(482, '系统错误/system error', NULL, 'HdPokerInsurance', '__construct', '2018-03-27 07:17:20'),
(483, 'login is empty', NULL, 'AdminApi', 'getUser', '2018-03-27 07:22:10'),
(484, 'login is empty', NULL, 'AdminApi', 'getUser', '2018-03-27 07:22:56'),
(485, '尚未登入/please login', NULL, 'Api', 'getUser', '2018-03-27 07:25:30'),
(486, '系统错误/system error', NULL, 'HdPokerInsurance', '__construct', '2018-03-27 07:25:30'),
(487, 'login is empty', NULL, 'AdminApi', 'getUser', '2018-03-27 07:25:40'),
(488, 'passwd is error', NULL, 'AdminApi', 'login', '2018-03-27 07:29:52'),
(489, '系统错误/system error', NULL, 'HdPokerInsurance', '__construct', '2018-03-27 09:39:57'),
(490, '系统错误/system error', NULL, 'HdPokerInsurance', '__construct', '2018-03-27 10:02:14'),
(491, '尚未登入/please login', NULL, 'Api', 'getUser', '2018-03-27 10:22:48'),
(492, '系统错误/system error', NULL, 'HdPokerInsurance', '__construct', '2018-03-27 10:22:49'),
(493, 'login is empty', NULL, 'AdminApi', 'getUser', '2018-03-27 10:23:10'),
(494, 'passwd is error', NULL, 'AdminApi', 'login', '2018-03-27 10:23:23');
INSERT INTO `error_log` (`el_id`, `el_message`, `el_system_error`, `el_class`, `el_function`, `el_add_datetime`) VALUES
(495, 'login is empty', NULL, 'AdminApi', 'getUser', '2018-03-27 10:29:08'),
(496, '尚未登入/please login', NULL, 'Api', 'getUser', '2018-03-27 10:29:52'),
(497, '系统错误/system error', NULL, 'HdPokerInsurance', '__construct', '2018-03-27 10:29:52'),
(498, '尚未登入/please login', NULL, 'Api', 'getUser', '2018-03-27 10:30:26'),
(499, '系统错误/system error', NULL, 'HdPokerInsurance', '__construct', '2018-03-27 10:30:26');

-- --------------------------------------------------------

--
-- 資料表結構 `permissions`
--

DROP TABLE IF EXISTS `permissions`;
CREATE TABLE `permissions` (
  `pe_id` int(5) NOT NULL,
  `pe_name` varchar(50) NOT NULL,
  `pe_control` varchar(100) NOT NULL,
  `pe_func` varchar(100) NOT NULL,
  `pe_type` enum('menu','action') NOT NULL DEFAULT 'menu',
  `add_datetime` timestamp NOT NULL DEFAULT CURRENT_TIMESTAMP,
  `pe_parents_id` int(5) NOT NULL DEFAULT '0',
  `pe_page` varchar(100) DEFAULT NULL,
  `pe_order_id` int(2) NOT NULL DEFAULT '0',
  `pe_icon` varchar(50) DEFAULT NULL
) ENGINE=InnoDB DEFAULT CHARSET=utf8;

--
-- 資料表的匯出資料 `permissions`
--

INSERT INTO `permissions` (`pe_id`, `pe_name`, `pe_control`, `pe_func`, `pe_type`, `add_datetime`, `pe_parents_id`, `pe_page`, `pe_order_id`, `pe_icon`) VALUES
(1, '保单管理', 'AdminOrder', '', 'menu', '2018-03-21 08:07:03', 0, NULL, 1, 'fa-shopping-cart'),
(2, '使用者管理', 'AdminUser', '', 'menu', '2018-03-21 09:01:07', 0, NULL, 0, 'fa-users'),
(3, '列表', 'AdminOrder', 'getList', 'menu', '2018-03-21 09:04:04', 1, 'table_list', 0, NULL),
(4, '赔率管理', 'AdminOdds', '', 'menu', '2018-03-22 13:55:35', 0, NULL, 0, 'fa-gear'),
(5, '设定赔率', 'AdminOdds', 'setting', 'menu', '2018-03-22 13:57:08', 4, 'AdminOddsSetting', 0, NULL);

-- --------------------------------------------------------

--
-- 資料表結構 `test`
--

DROP TABLE IF EXISTS `test`;
CREATE TABLE `test` (
  `datetime` timestamp NOT NULL DEFAULT CURRENT_TIMESTAMP
) ENGINE=InnoDB DEFAULT CHARSET=utf8;

--
-- 資料表的匯出資料 `test`
--

INSERT INTO `test` (`datetime`) VALUES
('2018-03-27 07:12:56'),
('2018-03-27 07:14:02'),
('2018-03-27 07:14:14'),
('2018-03-27 07:14:29'),
('2018-03-27 07:54:32'),
('2018-03-27 07:54:45'),
('2018-03-27 07:54:48');

-- --------------------------------------------------------

--
-- 資料表結構 `texasholdem_insurance_odds`
--

DROP TABLE IF EXISTS `texasholdem_insurance_odds`;
CREATE TABLE `texasholdem_insurance_odds` (
  `odds_id` int(11) NOT NULL,
  `odds_group_id` int(2) UNSIGNED NOT NULL,
  `odds_outs` int(2) NOT NULL,
  `odds_value` double(4,2) UNSIGNED NOT NULL,
  `add_datetime` timestamp NOT NULL DEFAULT CURRENT_TIMESTAMP
) ENGINE=InnoDB DEFAULT CHARSET=utf8;

--
-- 資料表的匯出資料 `texasholdem_insurance_odds`
--

INSERT INTO `texasholdem_insurance_odds` (`odds_id`, `odds_group_id`, `odds_outs`, `odds_value`, `add_datetime`) VALUES
(61, 1, 1, 30.00, '2018-03-20 10:07:25'),
(62, 1, 2, 16.00, '2018-03-20 10:07:25'),
(63, 1, 3, 10.00, '2018-03-20 10:07:25'),
(64, 1, 4, 8.00, '2018-03-20 10:07:25'),
(65, 1, 5, 6.00, '2018-03-20 10:07:25'),
(66, 1, 6, 5.00, '2018-03-20 10:07:25'),
(67, 1, 7, 4.00, '2018-03-20 10:07:25'),
(68, 1, 8, 3.50, '2018-03-20 10:07:25'),
(69, 1, 9, 3.00, '2018-03-20 10:07:25'),
(70, 1, 10, 2.50, '2018-03-20 10:07:25'),
(71, 1, 11, 2.30, '2018-03-20 10:07:25'),
(72, 1, 12, 2.00, '2018-03-20 10:07:25'),
(73, 1, 13, 1.80, '2018-03-20 10:07:25'),
(74, 1, 14, 1.60, '2018-03-20 10:07:25'),
(75, 1, 15, 1.40, '2018-03-20 10:07:25'),
(76, 1, 16, 1.30, '2018-03-20 10:07:25'),
(77, 1, 17, 1.20, '2018-03-20 10:07:25'),
(78, 1, 18, 1.10, '2018-03-20 10:07:25'),
(79, 1, 19, 1.00, '2018-03-20 10:07:25'),
(80, 1, 20, 0.80, '2018-03-20 10:07:25');

-- --------------------------------------------------------

--
-- 資料表結構 `texasholdem_insurance_order`
--

DROP TABLE IF EXISTS `texasholdem_insurance_order`;
CREATE TABLE `texasholdem_insurance_order` (
  `order_id` int(20) NOT NULL,
  `order_number` char(14) DEFAULT NULL,
  `round` enum('flop','turn') NOT NULL,
  `outs` int(2) UNSIGNED NOT NULL,
  `odds` double UNSIGNED NOT NULL,
  `pot` double UNSIGNED NOT NULL,
  `maximun` double UNSIGNED NOT NULL,
  `maximun_p50` double UNSIGNED NOT NULL,
  `buy_amount` double UNSIGNED NOT NULL,
  `u_id` int(11) NOT NULL,
  `result` enum('pay','nopay') DEFAULT NULL,
  `pay_amount` double UNSIGNED NOT NULL DEFAULT '0',
  `add_datetime` timestamp NOT NULL DEFAULT CURRENT_TIMESTAMP,
  `insured_amount` double NOT NULL,
  `players` int(1) NOT NULL,
  `complete` int(1) NOT NULL DEFAULT '0'
) ENGINE=InnoDB DEFAULT CHARSET=utf8;

--
-- 資料表的匯出資料 `texasholdem_insurance_order`
--

INSERT INTO `texasholdem_insurance_order` (`order_id`, `order_number`, `round`, `outs`, `odds`, `pot`, `maximun`, `maximun_p50`, `buy_amount`, `u_id`, `result`, `pay_amount`, `add_datetime`, `insured_amount`, `players`, `complete`) VALUES
(4, '180325200011', 'turn', 10, 2.5, 222.5, 89, 44.5, 40, 2, 'nopay', 0, '2018-03-25 13:14:23', 100, 2, 1),
(5, '180325200021', 'turn', 10, 2.5, 200, 80, 40, 30, 2, 'nopay', 0, '2018-03-25 13:20:42', 75, 2, 1),
(6, '180325200031', 'turn', 10, 2.5, 200, 80, 40, 70, 2, 'nopay', 0, '2018-03-25 13:21:30', 175, 2, 1),
(7, '180325210011', 'flop', 8, 3.5, 425, 121.4, 60.7, 80, 2, 'nopay', 0, '2018-03-25 14:37:20', 280, 2, 1),
(8, '180325230011', 'turn', 2, 16, 570, 35.6, 17.8, 35, 3, 'nopay', 0, '2018-03-25 16:54:43', 560, 2, 1),
(9, '180326000011', 'flop', 1, 30, 385, 12.8, 6.4, 12.8, 3, NULL, 0, '2018-03-25 17:18:06', 384, 2, 0),
(10, '180326000021', 'flop', 1, 30, 385, 12.8, 6.4, 10, 3, 'nopay', 0, '2018-03-25 17:22:44', 300, 2, 1),
(11, '180326000031', 'flop', 4, 8, 465, 58.1, 29, 30, 3, 'nopay', 0, '2018-03-25 17:24:26', 240, 2, 1),
(12, '180326000032', 'turn', 4, 8, 435, 54.3, 27.1, 30, 3, 'nopay', 0, '2018-03-25 17:24:45', 240, 2, 1),
(13, '180326000041', 'turn', 1, 30, 385, 12.8, 6.4, 10, 3, 'nopay', 0, '2018-03-25 17:28:27', 300, 2, 1),
(14, '180326010011', 'turn', 8, 3.5, 768, 219.4, 109.7, 150, 3, 'nopay', 0, '2018-03-25 18:01:59', 525, 2, 1),
(15, '180326020011', 'turn', 13, 1.8, 656, 364.4, 182.2, 100, 3, 'nopay', 0, '2018-03-25 19:40:50', 180, 2, 1),
(16, '180326020021', 'flop', 2, 16, 900, 56.2, 28.1, 40, 3, 'nopay', 0, '2018-03-25 19:45:19', 640, 2, 1),
(17, '180326020031', 'turn', 4, 8, 950, 118.7, 59.3, 100, 3, 'nopay', 0, '2018-03-25 19:48:24', 800, 2, 1),
(19, '18032619170011', 'flop', 10, 2.5, 236, 94.4, 47.2, 60, 2, 'nopay', 0, '2018-03-26 12:17:03', 150, 2, 1),
(20, '18032620300011', 'turn', 4, 8, 548, 68.5, 34.2, 40, 2, 'nopay', 0, '2018-03-26 13:30:22', 320, 3, 1),
(21, '18032621200011', 'turn', 8, 3.5, 157, 44.8, 22.4, 30, 1, 'nopay', 0, '2018-03-26 14:20:16', 105, 2, 1),
(22, '18032621420021', 'turn', 2, 16, 168, 10.5, 5.2, 10, 2, 'nopay', 0, '2018-03-26 14:42:42', 160, 3, 1),
(23, '18032622020011', 'turn', 14, 1.6, 182, 113.7, 56.8, 30, 2, 'pay', 48, '2018-03-26 15:02:56', 48, 2, 1),
(24, '18032622490021', 'flop', 7, 4, 230, 57.5, 28.7, 10, 3, 'nopay', 0, '2018-03-26 15:49:49', 40, 2, 1),
(25, '18032622490022', 'turn', 7, 4, 220, 55, 27.5, 10, 3, 'nopay', 0, '2018-03-26 15:50:08', 40, 2, 1),
(26, '18032622510031', 'turn', 4, 8, 130, 16.2, 8.1, 10, 3, 'nopay', 0, '2018-03-26 15:51:20', 80, 2, 1),
(27, '18032700260011', 'turn', 5, 6, 290, 48.3, 24.1, 46, 3, 'pay', 276, '2018-03-26 17:26:28', 276, 2, 1),
(28, '18032702450011', 'flop', 3, 10, 90, 9, 4.5, 9, 3, 'nopay', 0, '2018-03-26 19:45:35', 90, 2, 1),
(29, '18032708330011', 'flop', 7, 4, 230, 57.5, 28.7, 10, 3, 'nopay', 0, '2018-03-27 01:33:35', 40, 2, 1),
(30, '18032708340021', 'turn', 7, 4, 230, 57.5, 28.7, 10, 3, 'nopay', 0, '2018-03-27 01:34:45', 40, 2, 1),
(31, '18032708350031', 'flop', 5, 6, 480, 80, 40, 40, 3, 'nopay', 0, '2018-03-27 01:35:58', 240, 2, 1),
(32, '18032708370041', 'turn', 5, 6, 440, 73.3, 36.6, 50, 3, 'pay', 300, '2018-03-27 01:37:05', 300, 2, 1),
(36, '18032717310011', 'turn', 3, 10, 273, 27.3, 13.6, 5, 5, 'nopay', 0, '2018-03-27 10:31:28', 50, 3, 1),
(38, '18032717330021', 'flop', 10, 2.5, 171, 68.4, 34.2, 20, 5, 'pay', 50, '2018-03-27 10:33:56', 50, 2, 1);

-- --------------------------------------------------------

--
-- 資料表結構 `user`
--

DROP TABLE IF EXISTS `user`;
CREATE TABLE `user` (
  `u_id` int(11) NOT NULL,
  `u_account` varchar(12) NOT NULL,
  `u_password` varchar(64) NOT NULL,
  `u_name` varchar(60) NOT NULL,
  `add_datetime` timestamp NOT NULL DEFAULT CURRENT_TIMESTAMP,
  `u_code` char(6) NOT NULL DEFAULT ''
) ENGINE=InnoDB DEFAULT CHARSET=utf8;

--
-- 資料表的匯出資料 `user`
--

INSERT INTO `user` (`u_id`, `u_account`, `u_password`, `u_name`, `add_datetime`, `u_code`) VALUES
(1, 'tryion', '25d55ad283aa400af464c76d713c07ad', 'tryion', '2018-03-20 06:20:32', '123456'),
(2, 'chhorey', '25d55ad283aa400af464c76d713c07ad', 'Chhorey', '2018-03-23 06:19:47', '003898'),
(3, 'rachana', '25d55ad283aa400af464c76d713c07ad', 'Rachana', '2018-03-23 06:20:31', '999999'),
(4, 'oungno', '25d55ad283aa400af464c76d713c07ad', 'Oun-g-no', '2018-03-23 06:21:34', '585226'),
(5, 'svitlana', '25d55ad283aa400af464c76d713c07ad', 'Svitlana', '2018-03-23 06:23:19', '746205'),
(6, 'meiqing', '25d55ad283aa400af464c76d713c07ad', '美清', '2018-03-23 06:24:27', '844045');

--
-- 已匯出資料表的索引
--

--
-- 資料表索引 `admin_role`
--
ALTER TABLE `admin_role`
  ADD PRIMARY KEY (`ar_id`);

--
-- 資料表索引 `admin_role_permissions_link`
--
ALTER TABLE `admin_role_permissions_link`
  ADD PRIMARY KEY (`apl_id`),
  ADD KEY `fk_pemissions_id` (`pe_id`),
  ADD KEY `fk_admin_role_id` (`ar_id`);

--
-- 資料表索引 `admin_user`
--
ALTER TABLE `admin_user`
  ADD PRIMARY KEY (`ad_id`),
  ADD UNIQUE KEY `ad_account` (`ad_account`),
  ADD UNIQUE KEY `ad_r_id` (`ad_r_id`),
  ADD KEY `fk_pemissions_id_admin_user` (`ad_ar_id`);

--
-- 資料表索引 `ci_sessions`
--
ALTER TABLE `ci_sessions`
  ADD KEY `ci_sessions_timestamp` (`timestamp`);

--
-- 資料表索引 `error_log`
--
ALTER TABLE `error_log`
  ADD PRIMARY KEY (`el_id`);

--
-- 資料表索引 `permissions`
--
ALTER TABLE `permissions`
  ADD PRIMARY KEY (`pe_id`),
  ADD UNIQUE KEY `pe_control` (`pe_control`,`pe_func`);

--
-- 資料表索引 `texasholdem_insurance_odds`
--
ALTER TABLE `texasholdem_insurance_odds`
  ADD PRIMARY KEY (`odds_id`),
  ADD UNIQUE KEY `odds_outs` (`odds_outs`);

--
-- 資料表索引 `texasholdem_insurance_order`
--
ALTER TABLE `texasholdem_insurance_order`
  ADD PRIMARY KEY (`order_id`),
  ADD UNIQUE KEY `order_number` (`order_number`);

--
-- 資料表索引 `user`
--
ALTER TABLE `user`
  ADD PRIMARY KEY (`u_id`),
  ADD UNIQUE KEY `u_account` (`u_account`);

--
-- 在匯出的資料表使用 AUTO_INCREMENT
--

--
-- 使用資料表 AUTO_INCREMENT `admin_role`
--
ALTER TABLE `admin_role`
  MODIFY `ar_id` int(2) NOT NULL AUTO_INCREMENT, AUTO_INCREMENT=2;
--
-- 使用資料表 AUTO_INCREMENT `admin_role_permissions_link`
--
ALTER TABLE `admin_role_permissions_link`
  MODIFY `apl_id` int(10) NOT NULL AUTO_INCREMENT, AUTO_INCREMENT=6;
--
-- 使用資料表 AUTO_INCREMENT `admin_user`
--
ALTER TABLE `admin_user`
  MODIFY `ad_id` int(11) NOT NULL AUTO_INCREMENT, AUTO_INCREMENT=2;
--
-- 使用資料表 AUTO_INCREMENT `error_log`
--
ALTER TABLE `error_log`
  MODIFY `el_id` int(11) NOT NULL AUTO_INCREMENT, AUTO_INCREMENT=500;
--
-- 使用資料表 AUTO_INCREMENT `permissions`
--
ALTER TABLE `permissions`
  MODIFY `pe_id` int(5) NOT NULL AUTO_INCREMENT, AUTO_INCREMENT=6;
--
-- 使用資料表 AUTO_INCREMENT `texasholdem_insurance_odds`
--
ALTER TABLE `texasholdem_insurance_odds`
  MODIFY `odds_id` int(11) NOT NULL AUTO_INCREMENT, AUTO_INCREMENT=81;
--
-- 使用資料表 AUTO_INCREMENT `texasholdem_insurance_order`
--
ALTER TABLE `texasholdem_insurance_order`
  MODIFY `order_id` int(20) NOT NULL AUTO_INCREMENT, AUTO_INCREMENT=39;
--
-- 使用資料表 AUTO_INCREMENT `user`
--
ALTER TABLE `user`
  MODIFY `u_id` int(11) NOT NULL AUTO_INCREMENT, AUTO_INCREMENT=7;
--
-- 已匯出資料表的限制(Constraint)
--

--
-- 資料表的 Constraints `admin_role_permissions_link`
--
ALTER TABLE `admin_role_permissions_link`
  ADD CONSTRAINT `fk_arid` FOREIGN KEY (`ar_id`) REFERENCES `admin_role` (`ar_id`) ON UPDATE CASCADE,
  ADD CONSTRAINT `fk_pe` FOREIGN KEY (`pe_id`) REFERENCES `permissions` (`pe_id`) ON UPDATE CASCADE;

--
-- 資料表的 Constraints `admin_user`
--
ALTER TABLE `admin_user`
  ADD CONSTRAINT `fr_role` FOREIGN KEY (`ad_ar_id`) REFERENCES `admin_role` (`ar_id`) ON DELETE NO ACTION ON UPDATE CASCADE;
SET FOREIGN_KEY_CHECKS=1;
COMMIT;

/*!40101 SET CHARACTER_SET_CLIENT=@OLD_CHARACTER_SET_CLIENT */;
/*!40101 SET CHARACTER_SET_RESULTS=@OLD_CHARACTER_SET_RESULTS */;
/*!40101 SET COLLATION_CONNECTION=@OLD_COLLATION_CONNECTION */;
