-- phpMyAdmin SQL Dump
-- version 4.7.7
-- https://www.phpmyadmin.net/
--
-- 主機: localhost
-- 產生時間： 2018-04-14 12:31:35
-- 伺服器版本: 5.7.19
-- PHP 版本： 5.6.31

SET FOREIGN_KEY_CHECKS=0;
SET SQL_MODE = "NO_AUTO_VALUE_ON_ZERO";
SET AUTOCOMMIT = 0;
START TRANSACTION;
SET time_zone = "+00:00";


/*!40101 SET @OLD_CHARACTER_SET_CLIENT=@@CHARACTER_SET_CLIENT */;
/*!40101 SET @OLD_CHARACTER_SET_RESULTS=@@CHARACTER_SET_RESULTS */;
/*!40101 SET @OLD_COLLATION_CONNECTION=@@COLLATION_CONNECTION */;
/*!40101 SET NAMES utf8mb4 */;

--
-- 資料庫： `qr.sihalive`
--
CREATE DATABASE IF NOT EXISTS `qr.sihalive` DEFAULT CHARACTER SET utf8 COLLATE utf8_general_ci;
USE `qr.sihalive`;

DELIMITER $$
--
-- Procedure
--
DROP PROCEDURE IF EXISTS `getFixedQrCount`$$
CREATE DEFINER=`root`@`localhost` PROCEDURE `getFixedQrCount` (IN `status` VARCHAR(50))  NO SQL
SELECT COUNT(*) as total FROM user_delivery WHERE `status` = status$$

DELIMITER ;

-- --------------------------------------------------------

--
-- 資料表結構 `admin_role`
--

DROP TABLE IF EXISTS `admin_role`;
CREATE TABLE `admin_role` (
  `ar_id` int(2) NOT NULL,
  `ar_name` varchar(30) NOT NULL,
  `add_datetime` timestamp NOT NULL DEFAULT CURRENT_TIMESTAMP
) ENGINE=InnoDB DEFAULT CHARSET=utf8;

--
-- 資料表的匯出資料 `admin_role`
--

INSERT INTO `admin_role` (`ar_id`, `ar_name`, `add_datetime`) VALUES
(1, 'system', '2018-04-07 08:27:46');

-- --------------------------------------------------------

--
-- 資料表結構 `admin_role_permissions_link`
--

DROP TABLE IF EXISTS `admin_role_permissions_link`;
CREATE TABLE `admin_role_permissions_link` (
  `apl_id` int(10) NOT NULL,
  `ar_id` int(2) DEFAULT NULL COMMENT 'admin_role_id',
  `pe_id` int(5) DEFAULT NULL COMMENT 'permissions_id',
  `add_datetime` timestamp NOT NULL DEFAULT CURRENT_TIMESTAMP
) ENGINE=InnoDB DEFAULT CHARSET=utf8;

--
-- 資料表的匯出資料 `admin_role_permissions_link`
--

INSERT INTO `admin_role_permissions_link` (`apl_id`, `ar_id`, `pe_id`, `add_datetime`) VALUES
(1, 1, 1, '2018-04-07 08:35:14'),
(2, 1, 2, '2018-04-07 08:36:29'),
(3, 1, 3, '2018-04-12 09:38:12'),
(4, 1, 4, '2018-04-12 09:41:59');

-- --------------------------------------------------------

--
-- 資料表結構 `admin_user`
--

DROP TABLE IF EXISTS `admin_user`;
CREATE TABLE `admin_user` (
  `ad_id` int(11) NOT NULL,
  `ad_account` varchar(12) NOT NULL,
  `ad_passwd` char(32) NOT NULL,
  `add_datetime` timestamp NOT NULL DEFAULT CURRENT_TIMESTAMP,
  `ad_status` enum('unlock','onlock') NOT NULL DEFAULT 'unlock',
  `ar_id` int(2) DEFAULT NULL COMMENT 'admin_role_id'
) ENGINE=InnoDB DEFAULT CHARSET=utf8;

--
-- 資料表的匯出資料 `admin_user`
--

INSERT INTO `admin_user` (`ad_id`, `ad_account`, `ad_passwd`, `add_datetime`, `ad_status`, `ar_id`) VALUES
(1, 'tryion', '25d55ad283aa400af464c76d713c07ad', '2018-04-07 08:28:01', 'unlock', 1);

-- --------------------------------------------------------

--
-- 資料表結構 `ci_sessions`
--

DROP TABLE IF EXISTS `ci_sessions`;
CREATE TABLE `ci_sessions` (
  `id` varchar(40) NOT NULL,
  `ip_address` varchar(45) NOT NULL,
  `timestamp` int(10) UNSIGNED NOT NULL DEFAULT '0',
  `data` blob NOT NULL
) ENGINE=MyISAM DEFAULT CHARSET=utf8;

--
-- 資料表的匯出資料 `ci_sessions`
--

INSERT INTO `ci_sessions` (`id`, `ip_address`, `timestamp`, `data`) VALUES
('052gr9m0c1nbp5o80gnfv6mdsifq0071', '127.0.0.1', 1523526233, 0x5f5f63695f6c6173745f726567656e65726174657c693a313532333532363233333b757365725f736573737c613a31313a7b733a323a226964223b733a313a2231223b733a393a226c6173745f6e616d65223b733a363a22313131313131223b733a31303a2266697273745f6e616d65223b733a31323a22313131313131313131313131223b733a353a2270686f6e65223b733a31313a223835353136393935333732223b733a383a2270617373776f7264223b733a33323a223235643535616432383361613430306166343634633736643731336330376164223b733a333a226c6174223b4e3b733a333a226c6e67223b4e3b733a363a22737461747573223b733a363a22756e6c6f636b223b733a383a22736d735f636f6465223b4e3b733a31323a226164645f6461746574696d65223b733a31393a22323031382d30342d30372031343a34313a3337223b733a31303a22667265655f71756f7461223b733a313a2231223b7d656e63727970745f61646d696e5f757365725f646174617c733a3134343a225330686b4d3167726245645161566454543068746256517665544130566e4e4a53326859636c52455656526f656b46564e6a5648656d70774e314261576c56465a31707559576c356448497a4d475250516e684d52554642646b3832597a5a6a6155777764487072596e686a656c6f324e30397856573558616b39544e3164614f564e4d4f47704d4e5735784d6e4d39223b),
('85blfqved8ing0bpcc2gab8jp2g4gde6', '127.0.0.1', 1523526222, 0x5f5f63695f6c6173745f726567656e65726174657c693a313532333532363232323b757365725f736573737c613a31313a7b733a323a226964223b733a313a2231223b733a393a226c6173745f6e616d65223b733a363a22313131313131223b733a31303a2266697273745f6e616d65223b733a31323a22313131313131313131313131223b733a353a2270686f6e65223b733a31313a223835353136393935333732223b733a383a2270617373776f7264223b733a33323a223235643535616432383361613430306166343634633736643731336330376164223b733a333a226c6174223b4e3b733a333a226c6e67223b4e3b733a363a22737461747573223b733a363a22756e6c6f636b223b733a383a22736d735f636f6465223b4e3b733a31323a226164645f6461746574696d65223b733a31393a22323031382d30342d30372031343a34313a3337223b733a31303a22667265655f71756f7461223b733a313a2231223b7d656e63727970745f61646d696e5f757365725f646174617c733a3134343a225330686b4d3167726245645161566454543068746256517665544130566e4e4a53326859636c52455656526f656b46564e6a5648656d70774e314261576c56465a31707559576c356448497a4d475250516e684d52554642646b3832597a5a6a6155777764487072596e686a656c6f324e30397856573558616b39544e3164614f564e4d4f47704d4e5735784d6e4d39223b),
('jjr5tqlrni9onvmhnqu9ioljsbfh01bc', '127.0.0.1', 1523526298, 0x5f5f63695f6c6173745f726567656e65726174657c693a313532333532363134373b757365725f736573737c613a31313a7b733a323a226964223b733a313a2231223b733a393a226c6173745f6e616d65223b733a363a22313131313131223b733a31303a2266697273745f6e616d65223b733a31323a22313131313131313131313131223b733a353a2270686f6e65223b733a31313a223835353136393935333732223b733a383a2270617373776f7264223b733a33323a223235643535616432383361613430306166343634633736643731336330376164223b733a333a226c6174223b4e3b733a333a226c6e67223b4e3b733a363a22737461747573223b733a363a22756e6c6f636b223b733a383a22736d735f636f6465223b4e3b733a31323a226164645f6461746574696d65223b733a31393a22323031382d30342d30372031343a34313a3337223b733a31303a22667265655f71756f7461223b733a313a2231223b7d656e63727970745f61646d696e5f757365725f646174617c733a3134343a225330686b4d3167726245645161566454543068746256517665544130566e4e4a53326859636c52455656526f656b46564e6a5648656d70774e314261576c56465a31707559576c356448497a4d475250516e684d52554642646b3832597a5a6a6155777764487072596e686a656c6f324e30397856573558616b39544e3164614f564e4d4f47704d4e5735784d6e4d39223b),
('0422esjt1tcjnp9956omr75n7ok22viq', '127.0.0.1', 1523526121, 0x5f5f63695f6c6173745f726567656e65726174657c693a313532333532363132313b757365725f736573737c613a31313a7b733a323a226964223b733a313a2231223b733a393a226c6173745f6e616d65223b733a363a22313131313131223b733a31303a2266697273745f6e616d65223b733a31323a22313131313131313131313131223b733a353a2270686f6e65223b733a31313a223835353136393935333732223b733a383a2270617373776f7264223b733a33323a223235643535616432383361613430306166343634633736643731336330376164223b733a333a226c6174223b4e3b733a333a226c6e67223b4e3b733a363a22737461747573223b733a363a22756e6c6f636b223b733a383a22736d735f636f6465223b4e3b733a31323a226164645f6461746574696d65223b733a31393a22323031382d30342d30372031343a34313a3337223b733a31303a22667265655f71756f7461223b733a313a2231223b7d656e63727970745f61646d696e5f757365725f646174617c733a3134343a225330686b4d3167726245645161566454543068746256517665544130566e4e4a53326859636c52455656526f656b46564e6a5648656d70774e314261576c56465a31707559576c356448497a4d475250516e684d52554642646b3832597a5a6a6155777764487072596e686a656c6f324e30397856573558616b39544e3164614f564e4d4f47704d4e5735784d6e4d39223b),
('6hklt5umu38ph51q347u4dudneurphjl', '127.0.0.1', 1523526105, 0x5f5f63695f6c6173745f726567656e65726174657c693a313532333532363130353b757365725f736573737c613a31313a7b733a323a226964223b733a313a2231223b733a393a226c6173745f6e616d65223b733a363a22313131313131223b733a31303a2266697273745f6e616d65223b733a31323a22313131313131313131313131223b733a353a2270686f6e65223b733a31313a223835353136393935333732223b733a383a2270617373776f7264223b733a33323a223235643535616432383361613430306166343634633736643731336330376164223b733a333a226c6174223b4e3b733a333a226c6e67223b4e3b733a363a22737461747573223b733a363a22756e6c6f636b223b733a383a22736d735f636f6465223b4e3b733a31323a226164645f6461746574696d65223b733a31393a22323031382d30342d30372031343a34313a3337223b733a31303a22667265655f71756f7461223b733a313a2231223b7d656e63727970745f61646d696e5f757365725f646174617c733a3134343a225330686b4d3167726245645161566454543068746256517665544130566e4e4a53326859636c52455656526f656b46564e6a5648656d70774e314261576c56465a31707559576c356448497a4d475250516e684d52554642646b3832597a5a6a6155777764487072596e686a656c6f324e30397856573558616b39544e3164614f564e4d4f47704d4e5735784d6e4d39223b),
('reum77hsnl0pd81ojrb8a2ojn5so1dll', '127.0.0.1', 1523526092, 0x5f5f63695f6c6173745f726567656e65726174657c693a313532333532363039323b757365725f736573737c613a31313a7b733a323a226964223b733a313a2231223b733a393a226c6173745f6e616d65223b733a363a22313131313131223b733a31303a2266697273745f6e616d65223b733a31323a22313131313131313131313131223b733a353a2270686f6e65223b733a31313a223835353136393935333732223b733a383a2270617373776f7264223b733a33323a223235643535616432383361613430306166343634633736643731336330376164223b733a333a226c6174223b4e3b733a333a226c6e67223b4e3b733a363a22737461747573223b733a363a22756e6c6f636b223b733a383a22736d735f636f6465223b4e3b733a31323a226164645f6461746574696d65223b733a31393a22323031382d30342d30372031343a34313a3337223b733a31303a22667265655f71756f7461223b733a313a2231223b7d656e63727970745f61646d696e5f757365725f646174617c733a3134343a225330686b4d3167726245645161566454543068746256517665544130566e4e4a53326859636c52455656526f656b46564e6a5648656d70774e314261576c56465a31707559576c356448497a4d475250516e684d52554642646b3832597a5a6a6155777764487072596e686a656c6f324e30397856573558616b39544e3164614f564e4d4f47704d4e5735784d6e4d39223b),
('am2ci4bmr29eh0otjcssnctopm40ufd8', '127.0.0.1', 1523526036, 0x5f5f63695f6c6173745f726567656e65726174657c693a313532333532363033363b757365725f736573737c613a31313a7b733a323a226964223b733a313a2231223b733a393a226c6173745f6e616d65223b733a363a22313131313131223b733a31303a2266697273745f6e616d65223b733a31323a22313131313131313131313131223b733a353a2270686f6e65223b733a31313a223835353136393935333732223b733a383a2270617373776f7264223b733a33323a223235643535616432383361613430306166343634633736643731336330376164223b733a333a226c6174223b4e3b733a333a226c6e67223b4e3b733a363a22737461747573223b733a363a22756e6c6f636b223b733a383a22736d735f636f6465223b4e3b733a31323a226164645f6461746574696d65223b733a31393a22323031382d30342d30372031343a34313a3337223b733a31303a22667265655f71756f7461223b733a313a2231223b7d656e63727970745f61646d696e5f757365725f646174617c733a3134343a225330686b4d3167726245645161566454543068746256517665544130566e4e4a53326859636c52455656526f656b46564e6a5648656d70774e314261576c56465a31707559576c356448497a4d475250516e684d52554642646b3832597a5a6a6155777764487072596e686a656c6f324e30397856573558616b39544e3164614f564e4d4f47704d4e5735784d6e4d39223b),
('pbat07uj6jhm1dnq314v4uu3o4cf3hpg', '127.0.0.1', 1523525970, 0x5f5f63695f6c6173745f726567656e65726174657c693a313532333532353937303b757365725f736573737c613a31313a7b733a323a226964223b733a313a2231223b733a393a226c6173745f6e616d65223b733a363a22313131313131223b733a31303a2266697273745f6e616d65223b733a31323a22313131313131313131313131223b733a353a2270686f6e65223b733a31313a223835353136393935333732223b733a383a2270617373776f7264223b733a33323a223235643535616432383361613430306166343634633736643731336330376164223b733a333a226c6174223b4e3b733a333a226c6e67223b4e3b733a363a22737461747573223b733a363a22756e6c6f636b223b733a383a22736d735f636f6465223b4e3b733a31323a226164645f6461746574696d65223b733a31393a22323031382d30342d30372031343a34313a3337223b733a31303a22667265655f71756f7461223b733a313a2231223b7d656e63727970745f61646d696e5f757365725f646174617c733a3134343a225330686b4d3167726245645161566454543068746256517665544130566e4e4a53326859636c52455656526f656b46564e6a5648656d70774e314261576c56465a31707559576c356448497a4d475250516e684d52554642646b3832597a5a6a6155777764487072596e686a656c6f324e30397856573558616b39544e3164614f564e4d4f47704d4e5735784d6e4d39223b),
('h31dr6745kkecj1778r12i8hbnq0iiuf', '127.0.0.1', 1523525940, 0x5f5f63695f6c6173745f726567656e65726174657c693a313532333532353933393b757365725f736573737c613a31313a7b733a323a226964223b733a313a2231223b733a393a226c6173745f6e616d65223b733a363a22313131313131223b733a31303a2266697273745f6e616d65223b733a31323a22313131313131313131313131223b733a353a2270686f6e65223b733a31313a223835353136393935333732223b733a383a2270617373776f7264223b733a33323a223235643535616432383361613430306166343634633736643731336330376164223b733a333a226c6174223b4e3b733a333a226c6e67223b4e3b733a363a22737461747573223b733a363a22756e6c6f636b223b733a383a22736d735f636f6465223b4e3b733a31323a226164645f6461746574696d65223b733a31393a22323031382d30342d30372031343a34313a3337223b733a31303a22667265655f71756f7461223b733a313a2231223b7d656e63727970745f61646d696e5f757365725f646174617c733a3134343a225330686b4d3167726245645161566454543068746256517665544130566e4e4a53326859636c52455656526f656b46564e6a5648656d70774e314261576c56465a31707559576c356448497a4d475250516e684d52554642646b3832597a5a6a6155777764487072596e686a656c6f324e30397856573558616b39544e3164614f564e4d4f47704d4e5735784d6e4d39223b),
('suf3hoqbi257mvhnk5s65ittuk4lidda', '127.0.0.1', 1523525895, 0x5f5f63695f6c6173745f726567656e65726174657c693a313532333532353839343b757365725f736573737c613a31313a7b733a323a226964223b733a313a2231223b733a393a226c6173745f6e616d65223b733a363a22313131313131223b733a31303a2266697273745f6e616d65223b733a31323a22313131313131313131313131223b733a353a2270686f6e65223b733a31313a223835353136393935333732223b733a383a2270617373776f7264223b733a33323a223235643535616432383361613430306166343634633736643731336330376164223b733a333a226c6174223b4e3b733a333a226c6e67223b4e3b733a363a22737461747573223b733a363a22756e6c6f636b223b733a383a22736d735f636f6465223b4e3b733a31323a226164645f6461746574696d65223b733a31393a22323031382d30342d30372031343a34313a3337223b733a31303a22667265655f71756f7461223b733a313a2231223b7d656e63727970745f61646d696e5f757365725f646174617c733a3134343a225330686b4d3167726245645161566454543068746256517665544130566e4e4a53326859636c52455656526f656b46564e6a5648656d70774e314261576c56465a31707559576c356448497a4d475250516e684d52554642646b3832597a5a6a6155777764487072596e686a656c6f324e30397856573558616b39544e3164614f564e4d4f47704d4e5735784d6e4d39223b),
('7bc0madk6p8bmjo0tbt0kg93d1089lj9', '127.0.0.1', 1523525744, 0x5f5f63695f6c6173745f726567656e65726174657c693a313532333532353730363b757365725f736573737c613a31313a7b733a323a226964223b733a313a2231223b733a393a226c6173745f6e616d65223b733a363a22313131313131223b733a31303a2266697273745f6e616d65223b733a31323a22313131313131313131313131223b733a353a2270686f6e65223b733a31313a223835353136393935333732223b733a383a2270617373776f7264223b733a33323a223235643535616432383361613430306166343634633736643731336330376164223b733a333a226c6174223b4e3b733a333a226c6e67223b4e3b733a363a22737461747573223b733a363a22756e6c6f636b223b733a383a22736d735f636f6465223b4e3b733a31323a226164645f6461746574696d65223b733a31393a22323031382d30342d30372031343a34313a3337223b733a31303a22667265655f71756f7461223b733a313a2231223b7d656e63727970745f61646d696e5f757365725f646174617c733a3134343a225330686b4d3167726245645161566454543068746256517665544130566e4e4a53326859636c52455656526f656b46564e6a5648656d70774e314261576c56465a31707559576c356448497a4d475250516e684d52554642646b3832597a5a6a6155777764487072596e686a656c6f324e30397856573558616b39544e3164614f564e4d4f47704d4e5735784d6e4d39223b),
('eqnqaen3gc8kdj6t4e4pv99llso564ri', '127.0.0.1', 1523525682, 0x5f5f63695f6c6173745f726567656e65726174657c693a313532333532353637363b757365725f736573737c613a31313a7b733a323a226964223b733a313a2231223b733a393a226c6173745f6e616d65223b733a363a22313131313131223b733a31303a2266697273745f6e616d65223b733a31323a22313131313131313131313131223b733a353a2270686f6e65223b733a31313a223835353136393935333732223b733a383a2270617373776f7264223b733a33323a223235643535616432383361613430306166343634633736643731336330376164223b733a333a226c6174223b4e3b733a333a226c6e67223b4e3b733a363a22737461747573223b733a363a22756e6c6f636b223b733a383a22736d735f636f6465223b4e3b733a31323a226164645f6461746574696d65223b733a31393a22323031382d30342d30372031343a34313a3337223b733a31303a22667265655f71756f7461223b733a313a2231223b7d656e63727970745f61646d696e5f757365725f646174617c733a3134343a225330686b4d3167726245645161566454543068746256517665544130566e4e4a53326859636c52455656526f656b46564e6a5648656d70774e314261576c56465a31707559576c356448497a4d475250516e684d52554642646b3832597a5a6a6155777764487072596e686a656c6f324e30397856573558616b39544e3164614f564e4d4f47704d4e5735784d6e4d39223b),
('6609487lqe892ncgqi02jqi2dname2ca', '127.0.0.1', 1523525606, 0x5f5f63695f6c6173745f726567656e65726174657c693a313532333532353630343b757365725f736573737c613a31313a7b733a323a226964223b733a313a2231223b733a393a226c6173745f6e616d65223b733a363a22313131313131223b733a31303a2266697273745f6e616d65223b733a31323a22313131313131313131313131223b733a353a2270686f6e65223b733a31313a223835353136393935333732223b733a383a2270617373776f7264223b733a33323a223235643535616432383361613430306166343634633736643731336330376164223b733a333a226c6174223b4e3b733a333a226c6e67223b4e3b733a363a22737461747573223b733a363a22756e6c6f636b223b733a383a22736d735f636f6465223b4e3b733a31323a226164645f6461746574696d65223b733a31393a22323031382d30342d30372031343a34313a3337223b733a31303a22667265655f71756f7461223b733a313a2231223b7d656e63727970745f61646d696e5f757365725f646174617c733a3134343a225330686b4d3167726245645161566454543068746256517665544130566e4e4a53326859636c52455656526f656b46564e6a5648656d70774e314261576c56465a31707559576c356448497a4d475250516e684d52554642646b3832597a5a6a6155777764487072596e686a656c6f324e30397856573558616b39544e3164614f564e4d4f47704d4e5735784d6e4d39223b),
('jbc03m3lq2bf4eqgv7ftuh6i1kqde2l9', '127.0.0.1', 1523525597, 0x5f5f63695f6c6173745f726567656e65726174657c693a313532333532353536353b757365725f736573737c613a31313a7b733a323a226964223b733a313a2231223b733a393a226c6173745f6e616d65223b733a363a22313131313131223b733a31303a2266697273745f6e616d65223b733a31323a22313131313131313131313131223b733a353a2270686f6e65223b733a31313a223835353136393935333732223b733a383a2270617373776f7264223b733a33323a223235643535616432383361613430306166343634633736643731336330376164223b733a333a226c6174223b4e3b733a333a226c6e67223b4e3b733a363a22737461747573223b733a363a22756e6c6f636b223b733a383a22736d735f636f6465223b4e3b733a31323a226164645f6461746574696d65223b733a31393a22323031382d30342d30372031343a34313a3337223b733a31303a22667265655f71756f7461223b733a313a2231223b7d656e63727970745f61646d696e5f757365725f646174617c733a3134343a225330686b4d3167726245645161566454543068746256517665544130566e4e4a53326859636c52455656526f656b46564e6a5648656d70774e314261576c56465a31707559576c356448497a4d475250516e684d52554642646b3832597a5a6a6155777764487072596e686a656c6f324e30397856573558616b39544e3164614f564e4d4f47704d4e5735784d6e4d39223b),
('2dcdpo5g8aa4qqhdo2ue010qe3u0ihm0', '127.0.0.1', 1523525517, 0x5f5f63695f6c6173745f726567656e65726174657c693a313532333532353531333b757365725f736573737c613a31313a7b733a323a226964223b733a313a2231223b733a393a226c6173745f6e616d65223b733a363a22313131313131223b733a31303a2266697273745f6e616d65223b733a31323a22313131313131313131313131223b733a353a2270686f6e65223b733a31313a223835353136393935333732223b733a383a2270617373776f7264223b733a33323a223235643535616432383361613430306166343634633736643731336330376164223b733a333a226c6174223b4e3b733a333a226c6e67223b4e3b733a363a22737461747573223b733a363a22756e6c6f636b223b733a383a22736d735f636f6465223b4e3b733a31323a226164645f6461746574696d65223b733a31393a22323031382d30342d30372031343a34313a3337223b733a31303a22667265655f71756f7461223b733a313a2231223b7d656e63727970745f61646d696e5f757365725f646174617c733a3134343a225330686b4d3167726245645161566454543068746256517665544130566e4e4a53326859636c52455656526f656b46564e6a5648656d70774e314261576c56465a31707559576c356448497a4d475250516e684d52554642646b3832597a5a6a6155777764487072596e686a656c6f324e30397856573558616b39544e3164614f564e4d4f47704d4e5735784d6e4d39223b),
('u4rign1lidmmvrganicrkrp9vmv7k8f7', '127.0.0.1', 1523525374, 0x5f5f63695f6c6173745f726567656e65726174657c693a313532333532353337303b757365725f736573737c613a31313a7b733a323a226964223b733a313a2231223b733a393a226c6173745f6e616d65223b733a363a22313131313131223b733a31303a2266697273745f6e616d65223b733a31323a22313131313131313131313131223b733a353a2270686f6e65223b733a31313a223835353136393935333732223b733a383a2270617373776f7264223b733a33323a223235643535616432383361613430306166343634633736643731336330376164223b733a333a226c6174223b4e3b733a333a226c6e67223b4e3b733a363a22737461747573223b733a363a22756e6c6f636b223b733a383a22736d735f636f6465223b4e3b733a31323a226164645f6461746574696d65223b733a31393a22323031382d30342d30372031343a34313a3337223b733a31303a22667265655f71756f7461223b733a313a2231223b7d656e63727970745f61646d696e5f757365725f646174617c733a3134343a225330686b4d3167726245645161566454543068746256517665544130566e4e4a53326859636c52455656526f656b46564e6a5648656d70774e314261576c56465a31707559576c356448497a4d475250516e684d52554642646b3832597a5a6a6155777764487072596e686a656c6f324e30397856573558616b39544e3164614f564e4d4f47704d4e5735784d6e4d39223b),
('jmuap6ln54hrdlfeg1mr97mh6pr23kdt', '127.0.0.1', 1523525320, 0x5f5f63695f6c6173745f726567656e65726174657c693a313532333532353331373b757365725f736573737c613a31313a7b733a323a226964223b733a313a2231223b733a393a226c6173745f6e616d65223b733a363a22313131313131223b733a31303a2266697273745f6e616d65223b733a31323a22313131313131313131313131223b733a353a2270686f6e65223b733a31313a223835353136393935333732223b733a383a2270617373776f7264223b733a33323a223235643535616432383361613430306166343634633736643731336330376164223b733a333a226c6174223b4e3b733a333a226c6e67223b4e3b733a363a22737461747573223b733a363a22756e6c6f636b223b733a383a22736d735f636f6465223b4e3b733a31323a226164645f6461746574696d65223b733a31393a22323031382d30342d30372031343a34313a3337223b733a31303a22667265655f71756f7461223b733a313a2231223b7d656e63727970745f61646d696e5f757365725f646174617c733a3134343a225330686b4d3167726245645161566454543068746256517665544130566e4e4a53326859636c52455656526f656b46564e6a5648656d70774e314261576c56465a31707559576c356448497a4d475250516e684d52554642646b3832597a5a6a6155777764487072596e686a656c6f324e30397856573558616b39544e3164614f564e4d4f47704d4e5735784d6e4d39223b),
('i10c5b618rvqkn8af74k31jnq77gjdhr', '127.0.0.1', 1523525277, 0x5f5f63695f6c6173745f726567656e65726174657c693a313532333532353237373b757365725f736573737c613a31313a7b733a323a226964223b733a313a2231223b733a393a226c6173745f6e616d65223b733a363a22313131313131223b733a31303a2266697273745f6e616d65223b733a31323a22313131313131313131313131223b733a353a2270686f6e65223b733a31313a223835353136393935333732223b733a383a2270617373776f7264223b733a33323a223235643535616432383361613430306166343634633736643731336330376164223b733a333a226c6174223b4e3b733a333a226c6e67223b4e3b733a363a22737461747573223b733a363a22756e6c6f636b223b733a383a22736d735f636f6465223b4e3b733a31323a226164645f6461746574696d65223b733a31393a22323031382d30342d30372031343a34313a3337223b733a31303a22667265655f71756f7461223b733a313a2231223b7d656e63727970745f61646d696e5f757365725f646174617c733a3134343a225330686b4d3167726245645161566454543068746256517665544130566e4e4a53326859636c52455656526f656b46564e6a5648656d70774e314261576c56465a31707559576c356448497a4d475250516e684d52554642646b3832597a5a6a6155777764487072596e686a656c6f324e30397856573558616b39544e3164614f564e4d4f47704d4e5735784d6e4d39223b),
('vaiace4po3cg9ksg3t3ejsacrsog727l', '127.0.0.1', 1523525257, 0x5f5f63695f6c6173745f726567656e65726174657c693a313532333532353234363b757365725f736573737c613a31313a7b733a323a226964223b733a313a2231223b733a393a226c6173745f6e616d65223b733a363a22313131313131223b733a31303a2266697273745f6e616d65223b733a31323a22313131313131313131313131223b733a353a2270686f6e65223b733a31313a223835353136393935333732223b733a383a2270617373776f7264223b733a33323a223235643535616432383361613430306166343634633736643731336330376164223b733a333a226c6174223b4e3b733a333a226c6e67223b4e3b733a363a22737461747573223b733a363a22756e6c6f636b223b733a383a22736d735f636f6465223b4e3b733a31323a226164645f6461746574696d65223b733a31393a22323031382d30342d30372031343a34313a3337223b733a31303a22667265655f71756f7461223b733a313a2231223b7d656e63727970745f61646d696e5f757365725f646174617c733a3134343a225330686b4d3167726245645161566454543068746256517665544130566e4e4a53326859636c52455656526f656b46564e6a5648656d70774e314261576c56465a31707559576c356448497a4d475250516e684d52554642646b3832597a5a6a6155777764487072596e686a656c6f324e30397856573558616b39544e3164614f564e4d4f47704d4e5735784d6e4d39223b),
('575cp79ll8cdrqs6a4huvd7sjke45ji1', '127.0.0.1', 1523525242, 0x5f5f63695f6c6173745f726567656e65726174657c693a313532333532353233393b757365725f736573737c613a31313a7b733a323a226964223b733a313a2231223b733a393a226c6173745f6e616d65223b733a363a22313131313131223b733a31303a2266697273745f6e616d65223b733a31323a22313131313131313131313131223b733a353a2270686f6e65223b733a31313a223835353136393935333732223b733a383a2270617373776f7264223b733a33323a223235643535616432383361613430306166343634633736643731336330376164223b733a333a226c6174223b4e3b733a333a226c6e67223b4e3b733a363a22737461747573223b733a363a22756e6c6f636b223b733a383a22736d735f636f6465223b4e3b733a31323a226164645f6461746574696d65223b733a31393a22323031382d30342d30372031343a34313a3337223b733a31303a22667265655f71756f7461223b733a313a2231223b7d656e63727970745f61646d696e5f757365725f646174617c733a3134343a225330686b4d3167726245645161566454543068746256517665544130566e4e4a53326859636c52455656526f656b46564e6a5648656d70774e314261576c56465a31707559576c356448497a4d475250516e684d52554642646b3832597a5a6a6155777764487072596e686a656c6f324e30397856573558616b39544e3164614f564e4d4f47704d4e5735784d6e4d39223b),
('g7o8v6q440enlfqeqi6buneclfo39k1f', '127.0.0.1', 1523525237, 0x5f5f63695f6c6173745f726567656e65726174657c693a313532333532353031393b757365725f736573737c613a31313a7b733a323a226964223b733a313a2231223b733a393a226c6173745f6e616d65223b733a363a22313131313131223b733a31303a2266697273745f6e616d65223b733a31323a22313131313131313131313131223b733a353a2270686f6e65223b733a31313a223835353136393935333732223b733a383a2270617373776f7264223b733a33323a223235643535616432383361613430306166343634633736643731336330376164223b733a333a226c6174223b4e3b733a333a226c6e67223b4e3b733a363a22737461747573223b733a363a22756e6c6f636b223b733a383a22736d735f636f6465223b4e3b733a31323a226164645f6461746574696d65223b733a31393a22323031382d30342d30372031343a34313a3337223b733a31303a22667265655f71756f7461223b733a313a2231223b7d656e63727970745f61646d696e5f757365725f646174617c733a3134343a225330686b4d3167726245645161566454543068746256517665544130566e4e4a53326859636c52455656526f656b46564e6a5648656d70774e314261576c56465a31707559576c356448497a4d475250516e684d52554642646b3832597a5a6a6155777764487072596e686a656c6f324e30397856573558616b39544e3164614f564e4d4f47704d4e5735784d6e4d39223b),
('p8qu30ok0rg1tbvb9ijh1jr3ucqshms9', '127.0.0.1', 1523522946, 0x5f5f63695f6c6173745f726567656e65726174657c693a313532333532323934353b757365725f736573737c613a31313a7b733a323a226964223b733a313a2231223b733a393a226c6173745f6e616d65223b733a363a22313131313131223b733a31303a2266697273745f6e616d65223b733a31323a22313131313131313131313131223b733a353a2270686f6e65223b733a31313a223835353136393935333732223b733a383a2270617373776f7264223b733a33323a223235643535616432383361613430306166343634633736643731336330376164223b733a333a226c6174223b4e3b733a333a226c6e67223b4e3b733a363a22737461747573223b733a363a22756e6c6f636b223b733a383a22736d735f636f6465223b4e3b733a31323a226164645f6461746574696d65223b733a31393a22323031382d30342d30372031343a34313a3337223b733a31303a22667265655f71756f7461223b733a313a2231223b7d656e63727970745f61646d696e5f757365725f646174617c733a3134343a225330686b4d3167726245645161566454543068746256517665544130566e4e4a53326859636c52455656526f656b46564e6a5648656d70774e314261576c56465a31707559576c356448497a4d475250516e684d52554642646b3832597a5a6a6155777764487072596e686a656c6f324e30397856573558616b39544e3164614f564e4d4f47704d4e5735784d6e4d39223b),
('bojll71av9k3t76jukkch8pqtulp48bb', '127.0.0.1', 1523522920, 0x5f5f63695f6c6173745f726567656e65726174657c693a313532333532323932303b757365725f736573737c613a31313a7b733a323a226964223b733a313a2231223b733a393a226c6173745f6e616d65223b733a363a22313131313131223b733a31303a2266697273745f6e616d65223b733a31323a22313131313131313131313131223b733a353a2270686f6e65223b733a31313a223835353136393935333732223b733a383a2270617373776f7264223b733a33323a223235643535616432383361613430306166343634633736643731336330376164223b733a333a226c6174223b4e3b733a333a226c6e67223b4e3b733a363a22737461747573223b733a363a22756e6c6f636b223b733a383a22736d735f636f6465223b4e3b733a31323a226164645f6461746574696d65223b733a31393a22323031382d30342d30372031343a34313a3337223b733a31303a22667265655f71756f7461223b733a313a2231223b7d656e63727970745f61646d696e5f757365725f646174617c733a3134343a225330686b4d3167726245645161566454543068746256517665544130566e4e4a53326859636c52455656526f656b46564e6a5648656d70774e314261576c56465a31707559576c356448497a4d475250516e684d52554642646b3832597a5a6a6155777764487072596e686a656c6f324e30397856573558616b39544e3164614f564e4d4f47704d4e5735784d6e4d39223b),
('65ll6c8ikff440dqkfsr6874l08ld7kc', '127.0.0.1', 1523522913, 0x5f5f63695f6c6173745f726567656e65726174657c693a313532333532323931333b757365725f736573737c613a31313a7b733a323a226964223b733a313a2231223b733a393a226c6173745f6e616d65223b733a363a22313131313131223b733a31303a2266697273745f6e616d65223b733a31323a22313131313131313131313131223b733a353a2270686f6e65223b733a31313a223835353136393935333732223b733a383a2270617373776f7264223b733a33323a223235643535616432383361613430306166343634633736643731336330376164223b733a333a226c6174223b4e3b733a333a226c6e67223b4e3b733a363a22737461747573223b733a363a22756e6c6f636b223b733a383a22736d735f636f6465223b4e3b733a31323a226164645f6461746574696d65223b733a31393a22323031382d30342d30372031343a34313a3337223b733a31303a22667265655f71756f7461223b733a313a2231223b7d656e63727970745f61646d696e5f757365725f646174617c733a3134343a225330686b4d3167726245645161566454543068746256517665544130566e4e4a53326859636c52455656526f656b46564e6a5648656d70774e314261576c56465a31707559576c356448497a4d475250516e684d52554642646b3832597a5a6a6155777764487072596e686a656c6f324e30397856573558616b39544e3164614f564e4d4f47704d4e5735784d6e4d39223b),
('vv9ihulgn40pi55qmqjf5b2hs758crgg', '127.0.0.1', 1523522897, 0x5f5f63695f6c6173745f726567656e65726174657c693a313532333532323839373b757365725f736573737c613a31313a7b733a323a226964223b733a313a2231223b733a393a226c6173745f6e616d65223b733a363a22313131313131223b733a31303a2266697273745f6e616d65223b733a31323a22313131313131313131313131223b733a353a2270686f6e65223b733a31313a223835353136393935333732223b733a383a2270617373776f7264223b733a33323a223235643535616432383361613430306166343634633736643731336330376164223b733a333a226c6174223b4e3b733a333a226c6e67223b4e3b733a363a22737461747573223b733a363a22756e6c6f636b223b733a383a22736d735f636f6465223b4e3b733a31323a226164645f6461746574696d65223b733a31393a22323031382d30342d30372031343a34313a3337223b733a31303a22667265655f71756f7461223b733a313a2231223b7d656e63727970745f61646d696e5f757365725f646174617c733a3134343a225330686b4d3167726245645161566454543068746256517665544130566e4e4a53326859636c52455656526f656b46564e6a5648656d70774e314261576c56465a31707559576c356448497a4d475250516e684d52554642646b3832597a5a6a6155777764487072596e686a656c6f324e30397856573558616b39544e3164614f564e4d4f47704d4e5735784d6e4d39223b),
('63g0o3cakis1479mt2nblbqn4e51usmb', '127.0.0.1', 1523522877, 0x5f5f63695f6c6173745f726567656e65726174657c693a313532333532323837373b757365725f736573737c613a31313a7b733a323a226964223b733a313a2231223b733a393a226c6173745f6e616d65223b733a363a22313131313131223b733a31303a2266697273745f6e616d65223b733a31323a22313131313131313131313131223b733a353a2270686f6e65223b733a31313a223835353136393935333732223b733a383a2270617373776f7264223b733a33323a223235643535616432383361613430306166343634633736643731336330376164223b733a333a226c6174223b4e3b733a333a226c6e67223b4e3b733a363a22737461747573223b733a363a22756e6c6f636b223b733a383a22736d735f636f6465223b4e3b733a31323a226164645f6461746574696d65223b733a31393a22323031382d30342d30372031343a34313a3337223b733a31303a22667265655f71756f7461223b733a313a2231223b7d656e63727970745f61646d696e5f757365725f646174617c733a3134343a225330686b4d3167726245645161566454543068746256517665544130566e4e4a53326859636c52455656526f656b46564e6a5648656d70774e314261576c56465a31707559576c356448497a4d475250516e684d52554642646b3832597a5a6a6155777764487072596e686a656c6f324e30397856573558616b39544e3164614f564e4d4f47704d4e5735784d6e4d39223b),
('jnsjt9vvdnq274vk05em0ltp82q120j0', '127.0.0.1', 1523522828, 0x5f5f63695f6c6173745f726567656e65726174657c693a313532333532323832383b757365725f736573737c613a31313a7b733a323a226964223b733a313a2231223b733a393a226c6173745f6e616d65223b733a363a22313131313131223b733a31303a2266697273745f6e616d65223b733a31323a22313131313131313131313131223b733a353a2270686f6e65223b733a31313a223835353136393935333732223b733a383a2270617373776f7264223b733a33323a223235643535616432383361613430306166343634633736643731336330376164223b733a333a226c6174223b4e3b733a333a226c6e67223b4e3b733a363a22737461747573223b733a363a22756e6c6f636b223b733a383a22736d735f636f6465223b4e3b733a31323a226164645f6461746574696d65223b733a31393a22323031382d30342d30372031343a34313a3337223b733a31303a22667265655f71756f7461223b733a313a2231223b7d656e63727970745f61646d696e5f757365725f646174617c733a3134343a225330686b4d3167726245645161566454543068746256517665544130566e4e4a53326859636c52455656526f656b46564e6a5648656d70774e314261576c56465a31707559576c356448497a4d475250516e684d52554642646b3832597a5a6a6155777764487072596e686a656c6f324e30397856573558616b39544e3164614f564e4d4f47704d4e5735784d6e4d39223b),
('01cgvq14tj11bsrcpr8da44oio6op23r', '127.0.0.1', 1523522818, 0x5f5f63695f6c6173745f726567656e65726174657c693a313532333532323831373b757365725f736573737c613a31313a7b733a323a226964223b733a313a2231223b733a393a226c6173745f6e616d65223b733a363a22313131313131223b733a31303a2266697273745f6e616d65223b733a31323a22313131313131313131313131223b733a353a2270686f6e65223b733a31313a223835353136393935333732223b733a383a2270617373776f7264223b733a33323a223235643535616432383361613430306166343634633736643731336330376164223b733a333a226c6174223b4e3b733a333a226c6e67223b4e3b733a363a22737461747573223b733a363a22756e6c6f636b223b733a383a22736d735f636f6465223b4e3b733a31323a226164645f6461746574696d65223b733a31393a22323031382d30342d30372031343a34313a3337223b733a31303a22667265655f71756f7461223b733a313a2231223b7d656e63727970745f61646d696e5f757365725f646174617c733a3134343a225330686b4d3167726245645161566454543068746256517665544130566e4e4a53326859636c52455656526f656b46564e6a5648656d70774e314261576c56465a31707559576c356448497a4d475250516e684d52554642646b3832597a5a6a6155777764487072596e686a656c6f324e30397856573558616b39544e3164614f564e4d4f47704d4e5735784d6e4d39223b),
('g7gs5go9526obm8ja0t2e31paqfii26o', '127.0.0.1', 1523522815, 0x5f5f63695f6c6173745f726567656e65726174657c693a313532333532323831343b757365725f736573737c613a31313a7b733a323a226964223b733a313a2231223b733a393a226c6173745f6e616d65223b733a363a22313131313131223b733a31303a2266697273745f6e616d65223b733a31323a22313131313131313131313131223b733a353a2270686f6e65223b733a31313a223835353136393935333732223b733a383a2270617373776f7264223b733a33323a223235643535616432383361613430306166343634633736643731336330376164223b733a333a226c6174223b4e3b733a333a226c6e67223b4e3b733a363a22737461747573223b733a363a22756e6c6f636b223b733a383a22736d735f636f6465223b4e3b733a31323a226164645f6461746574696d65223b733a31393a22323031382d30342d30372031343a34313a3337223b733a31303a22667265655f71756f7461223b733a313a2231223b7d656e63727970745f61646d696e5f757365725f646174617c733a3134343a225330686b4d3167726245645161566454543068746256517665544130566e4e4a53326859636c52455656526f656b46564e6a5648656d70774e314261576c56465a31707559576c356448497a4d475250516e684d52554642646b3832597a5a6a6155777764487072596e686a656c6f324e30397856573558616b39544e3164614f564e4d4f47704d4e5735784d6e4d39223b),
('a7p5pp4rk7l6foi43obonocoii3bdvtv', '127.0.0.1', 1523522794, 0x5f5f63695f6c6173745f726567656e65726174657c693a313532333532323739343b757365725f736573737c613a31313a7b733a323a226964223b733a313a2231223b733a393a226c6173745f6e616d65223b733a363a22313131313131223b733a31303a2266697273745f6e616d65223b733a31323a22313131313131313131313131223b733a353a2270686f6e65223b733a31313a223835353136393935333732223b733a383a2270617373776f7264223b733a33323a223235643535616432383361613430306166343634633736643731336330376164223b733a333a226c6174223b4e3b733a333a226c6e67223b4e3b733a363a22737461747573223b733a363a22756e6c6f636b223b733a383a22736d735f636f6465223b4e3b733a31323a226164645f6461746574696d65223b733a31393a22323031382d30342d30372031343a34313a3337223b733a31303a22667265655f71756f7461223b733a313a2231223b7d656e63727970745f61646d696e5f757365725f646174617c733a3134343a225330686b4d3167726245645161566454543068746256517665544130566e4e4a53326859636c52455656526f656b46564e6a5648656d70774e314261576c56465a31707559576c356448497a4d475250516e684d52554642646b3832597a5a6a6155777764487072596e686a656c6f324e30397856573558616b39544e3164614f564e4d4f47704d4e5735784d6e4d39223b),
('dcn7h31fmg8ed32v7it0281b9bj1m2m1', '127.0.0.1', 1523522789, 0x5f5f63695f6c6173745f726567656e65726174657c693a313532333532323738393b757365725f736573737c613a31313a7b733a323a226964223b733a313a2231223b733a393a226c6173745f6e616d65223b733a363a22313131313131223b733a31303a2266697273745f6e616d65223b733a31323a22313131313131313131313131223b733a353a2270686f6e65223b733a31313a223835353136393935333732223b733a383a2270617373776f7264223b733a33323a223235643535616432383361613430306166343634633736643731336330376164223b733a333a226c6174223b4e3b733a333a226c6e67223b4e3b733a363a22737461747573223b733a363a22756e6c6f636b223b733a383a22736d735f636f6465223b4e3b733a31323a226164645f6461746574696d65223b733a31393a22323031382d30342d30372031343a34313a3337223b733a31303a22667265655f71756f7461223b733a313a2231223b7d656e63727970745f61646d696e5f757365725f646174617c733a3134343a225330686b4d3167726245645161566454543068746256517665544130566e4e4a53326859636c52455656526f656b46564e6a5648656d70774e314261576c56465a31707559576c356448497a4d475250516e684d52554642646b3832597a5a6a6155777764487072596e686a656c6f324e30397856573558616b39544e3164614f564e4d4f47704d4e5735784d6e4d39223b),
('llti7iu7h2uqsflsgeti4kbjb66qm0b6', '127.0.0.1', 1523522554, 0x5f5f63695f6c6173745f726567656e65726174657c693a313532333532323535343b757365725f736573737c613a31313a7b733a323a226964223b733a313a2231223b733a393a226c6173745f6e616d65223b733a363a22313131313131223b733a31303a2266697273745f6e616d65223b733a31323a22313131313131313131313131223b733a353a2270686f6e65223b733a31313a223835353136393935333732223b733a383a2270617373776f7264223b733a33323a223235643535616432383361613430306166343634633736643731336330376164223b733a333a226c6174223b4e3b733a333a226c6e67223b4e3b733a363a22737461747573223b733a363a22756e6c6f636b223b733a383a22736d735f636f6465223b4e3b733a31323a226164645f6461746574696d65223b733a31393a22323031382d30342d30372031343a34313a3337223b733a31303a22667265655f71756f7461223b733a313a2231223b7d656e63727970745f61646d696e5f757365725f646174617c733a3134343a225330686b4d3167726245645161566454543068746256517665544130566e4e4a53326859636c52455656526f656b46564e6a5648656d70774e314261576c56465a31707559576c356448497a4d475250516e684d52554642646b3832597a5a6a6155777764487072596e686a656c6f324e30397856573558616b39544e3164614f564e4d4f47704d4e5735784d6e4d39223b),
('sppcnkkv96ptjgm11rm1k696v9pubid5', '127.0.0.1', 1523522514, 0x5f5f63695f6c6173745f726567656e65726174657c693a313532333532323531343b757365725f736573737c613a31313a7b733a323a226964223b733a313a2231223b733a393a226c6173745f6e616d65223b733a363a22313131313131223b733a31303a2266697273745f6e616d65223b733a31323a22313131313131313131313131223b733a353a2270686f6e65223b733a31313a223835353136393935333732223b733a383a2270617373776f7264223b733a33323a223235643535616432383361613430306166343634633736643731336330376164223b733a333a226c6174223b4e3b733a333a226c6e67223b4e3b733a363a22737461747573223b733a363a22756e6c6f636b223b733a383a22736d735f636f6465223b4e3b733a31323a226164645f6461746574696d65223b733a31393a22323031382d30342d30372031343a34313a3337223b733a31303a22667265655f71756f7461223b733a313a2231223b7d656e63727970745f61646d696e5f757365725f646174617c733a3134343a225330686b4d3167726245645161566454543068746256517665544130566e4e4a53326859636c52455656526f656b46564e6a5648656d70774e314261576c56465a31707559576c356448497a4d475250516e684d52554642646b3832597a5a6a6155777764487072596e686a656c6f324e30397856573558616b39544e3164614f564e4d4f47704d4e5735784d6e4d39223b),
('rtk6fpe44vfntplj5rjr4rvt7c9cv96p', '127.0.0.1', 1523522503, 0x5f5f63695f6c6173745f726567656e65726174657c693a313532333532323530323b757365725f736573737c613a31313a7b733a323a226964223b733a313a2231223b733a393a226c6173745f6e616d65223b733a363a22313131313131223b733a31303a2266697273745f6e616d65223b733a31323a22313131313131313131313131223b733a353a2270686f6e65223b733a31313a223835353136393935333732223b733a383a2270617373776f7264223b733a33323a223235643535616432383361613430306166343634633736643731336330376164223b733a333a226c6174223b4e3b733a333a226c6e67223b4e3b733a363a22737461747573223b733a363a22756e6c6f636b223b733a383a22736d735f636f6465223b4e3b733a31323a226164645f6461746574696d65223b733a31393a22323031382d30342d30372031343a34313a3337223b733a31303a22667265655f71756f7461223b733a313a2231223b7d656e63727970745f61646d696e5f757365725f646174617c733a3134343a225330686b4d3167726245645161566454543068746256517665544130566e4e4a53326859636c52455656526f656b46564e6a5648656d70774e314261576c56465a31707559576c356448497a4d475250516e684d52554642646b3832597a5a6a6155777764487072596e686a656c6f324e30397856573558616b39544e3164614f564e4d4f47704d4e5735784d6e4d39223b),
('0kc94i9fpmqpeflc2aln67jru61glp6c', '127.0.0.1', 1523521884, 0x5f5f63695f6c6173745f726567656e65726174657c693a313532333532313838333b757365725f736573737c613a31313a7b733a323a226964223b733a313a2231223b733a393a226c6173745f6e616d65223b733a363a22313131313131223b733a31303a2266697273745f6e616d65223b733a31323a22313131313131313131313131223b733a353a2270686f6e65223b733a31313a223835353136393935333732223b733a383a2270617373776f7264223b733a33323a223235643535616432383361613430306166343634633736643731336330376164223b733a333a226c6174223b4e3b733a333a226c6e67223b4e3b733a363a22737461747573223b733a363a22756e6c6f636b223b733a383a22736d735f636f6465223b4e3b733a31323a226164645f6461746574696d65223b733a31393a22323031382d30342d30372031343a34313a3337223b733a31303a22667265655f71756f7461223b733a313a2231223b7d656e63727970745f61646d696e5f757365725f646174617c733a3134343a225330686b4d3167726245645161566454543068746256517665544130566e4e4a53326859636c52455656526f656b46564e6a5648656d70774e314261576c56465a31707559576c356448497a4d475250516e684d52554642646b3832597a5a6a6155777764487072596e686a656c6f324e30397856573558616b39544e3164614f564e4d4f47704d4e5735784d6e4d39223b),
('4nmu26ilfgt78t0rnb36kf1tk736btms', '127.0.0.1', 1523521525, 0x5f5f63695f6c6173745f726567656e65726174657c693a313532333532313532343b757365725f736573737c613a31313a7b733a323a226964223b733a313a2231223b733a393a226c6173745f6e616d65223b733a363a22313131313131223b733a31303a2266697273745f6e616d65223b733a31323a22313131313131313131313131223b733a353a2270686f6e65223b733a31313a223835353136393935333732223b733a383a2270617373776f7264223b733a33323a223235643535616432383361613430306166343634633736643731336330376164223b733a333a226c6174223b4e3b733a333a226c6e67223b4e3b733a363a22737461747573223b733a363a22756e6c6f636b223b733a383a22736d735f636f6465223b4e3b733a31323a226164645f6461746574696d65223b733a31393a22323031382d30342d30372031343a34313a3337223b733a31303a22667265655f71756f7461223b733a313a2231223b7d656e63727970745f61646d696e5f757365725f646174617c733a3134343a225330686b4d3167726245645161566454543068746256517665544130566e4e4a53326859636c52455656526f656b46564e6a5648656d70774e314261576c56465a31707559576c356448497a4d475250516e684d52554642646b3832597a5a6a6155777764487072596e686a656c6f324e30397856573558616b39544e3164614f564e4d4f47704d4e5735784d6e4d39223b),
('c2lrj81u4qljs6c9b6niufb2d4et5nk3', '127.0.0.1', 1523521515, 0x5f5f63695f6c6173745f726567656e65726174657c693a313532333532313531353b757365725f736573737c613a31313a7b733a323a226964223b733a313a2231223b733a393a226c6173745f6e616d65223b733a363a22313131313131223b733a31303a2266697273745f6e616d65223b733a31323a22313131313131313131313131223b733a353a2270686f6e65223b733a31313a223835353136393935333732223b733a383a2270617373776f7264223b733a33323a223235643535616432383361613430306166343634633736643731336330376164223b733a333a226c6174223b4e3b733a333a226c6e67223b4e3b733a363a22737461747573223b733a363a22756e6c6f636b223b733a383a22736d735f636f6465223b4e3b733a31323a226164645f6461746574696d65223b733a31393a22323031382d30342d30372031343a34313a3337223b733a31303a22667265655f71756f7461223b733a313a2231223b7d656e63727970745f61646d696e5f757365725f646174617c733a3134343a225330686b4d3167726245645161566454543068746256517665544130566e4e4a53326859636c52455656526f656b46564e6a5648656d70774e314261576c56465a31707559576c356448497a4d475250516e684d52554642646b3832597a5a6a6155777764487072596e686a656c6f324e30397856573558616b39544e3164614f564e4d4f47704d4e5735784d6e4d39223b),
('fa8ilnudt5mjgggi1sg07123qk8t6c8m', '127.0.0.1', 1523521451, 0x5f5f63695f6c6173745f726567656e65726174657c693a313532333532313435313b757365725f736573737c613a31313a7b733a323a226964223b733a313a2231223b733a393a226c6173745f6e616d65223b733a363a22313131313131223b733a31303a2266697273745f6e616d65223b733a31323a22313131313131313131313131223b733a353a2270686f6e65223b733a31313a223835353136393935333732223b733a383a2270617373776f7264223b733a33323a223235643535616432383361613430306166343634633736643731336330376164223b733a333a226c6174223b4e3b733a333a226c6e67223b4e3b733a363a22737461747573223b733a363a22756e6c6f636b223b733a383a22736d735f636f6465223b4e3b733a31323a226164645f6461746574696d65223b733a31393a22323031382d30342d30372031343a34313a3337223b733a31303a22667265655f71756f7461223b733a313a2231223b7d656e63727970745f61646d696e5f757365725f646174617c733a3134343a225330686b4d3167726245645161566454543068746256517665544130566e4e4a53326859636c52455656526f656b46564e6a5648656d70774e314261576c56465a31707559576c356448497a4d475250516e684d52554642646b3832597a5a6a6155777764487072596e686a656c6f324e30397856573558616b39544e3164614f564e4d4f47704d4e5735784d6e4d39223b),
('jqug2akn76ht95ga4jog8nn6uhpk10vg', '127.0.0.1', 1523521378, 0x5f5f63695f6c6173745f726567656e65726174657c693a313532333532313130323b757365725f736573737c613a31313a7b733a323a226964223b733a313a2231223b733a393a226c6173745f6e616d65223b733a363a22313131313131223b733a31303a2266697273745f6e616d65223b733a31323a22313131313131313131313131223b733a353a2270686f6e65223b733a31313a223835353136393935333732223b733a383a2270617373776f7264223b733a33323a223235643535616432383361613430306166343634633736643731336330376164223b733a333a226c6174223b4e3b733a333a226c6e67223b4e3b733a363a22737461747573223b733a363a22756e6c6f636b223b733a383a22736d735f636f6465223b4e3b733a31323a226164645f6461746574696d65223b733a31393a22323031382d30342d30372031343a34313a3337223b733a31303a22667265655f71756f7461223b733a313a2231223b7d656e63727970745f61646d696e5f757365725f646174617c733a3134343a225330686b4d3167726245645161566454543068746256517665544130566e4e4a53326859636c52455656526f656b46564e6a5648656d70774e314261576c56465a31707559576c356448497a4d475250516e684d52554642646b3832597a5a6a6155777764487072596e686a656c6f324e30397856573558616b39544e3164614f564e4d4f47704d4e5735784d6e4d39223b),
('ip6iqsrpls328p3cht2jnpkcvscas6r3', '127.0.0.1', 1523520165, 0x5f5f63695f6c6173745f726567656e65726174657c693a313532333532303135383b757365725f736573737c613a31313a7b733a323a226964223b733a313a2231223b733a393a226c6173745f6e616d65223b733a363a22313131313131223b733a31303a2266697273745f6e616d65223b733a31323a22313131313131313131313131223b733a353a2270686f6e65223b733a31313a223835353136393935333732223b733a383a2270617373776f7264223b733a33323a223235643535616432383361613430306166343634633736643731336330376164223b733a333a226c6174223b4e3b733a333a226c6e67223b4e3b733a363a22737461747573223b733a363a22756e6c6f636b223b733a383a22736d735f636f6465223b4e3b733a31323a226164645f6461746574696d65223b733a31393a22323031382d30342d30372031343a34313a3337223b733a31303a22667265655f71756f7461223b733a313a2231223b7d656e63727970745f61646d696e5f757365725f646174617c733a3134343a225330686b4d3167726245645161566454543068746256517665544130566e4e4a53326859636c52455656526f656b46564e6a5648656d70774e314261576c56465a31707559576c356448497a4d475250516e684d52554642646b3832597a5a6a6155777764487072596e686a656c6f324e30397856573558616b39544e3164614f564e4d4f47704d4e5735784d6e4d39223b),
('9a76pv6c9fsme81g2352oeiujopdengp', '127.0.0.1', 1523520105, 0x5f5f63695f6c6173745f726567656e65726174657c693a313532333531393834343b757365725f736573737c613a31313a7b733a323a226964223b733a313a2231223b733a393a226c6173745f6e616d65223b733a363a22313131313131223b733a31303a2266697273745f6e616d65223b733a31323a22313131313131313131313131223b733a353a2270686f6e65223b733a31313a223835353136393935333732223b733a383a2270617373776f7264223b733a33323a223235643535616432383361613430306166343634633736643731336330376164223b733a333a226c6174223b4e3b733a333a226c6e67223b4e3b733a363a22737461747573223b733a363a22756e6c6f636b223b733a383a22736d735f636f6465223b4e3b733a31323a226164645f6461746574696d65223b733a31393a22323031382d30342d30372031343a34313a3337223b733a31303a22667265655f71756f7461223b733a313a2231223b7d656e63727970745f61646d696e5f757365725f646174617c733a3134343a225330686b4d3167726245645161566454543068746256517665544130566e4e4a53326859636c52455656526f656b46564e6a5648656d70774e314261576c56465a31707559576c356448497a4d475250516e684d52554642646b3832597a5a6a6155777764487072596e686a656c6f324e30397856573558616b39544e3164614f564e4d4f47704d4e5735784d6e4d39223b),
('7mhgpn2o5nsle07s5iknqkbsgt6t4pop', '127.0.0.1', 1523519746, 0x5f5f63695f6c6173745f726567656e65726174657c693a313532333531393532393b757365725f736573737c613a31313a7b733a323a226964223b733a313a2231223b733a393a226c6173745f6e616d65223b733a363a22313131313131223b733a31303a2266697273745f6e616d65223b733a31323a22313131313131313131313131223b733a353a2270686f6e65223b733a31313a223835353136393935333732223b733a383a2270617373776f7264223b733a33323a223235643535616432383361613430306166343634633736643731336330376164223b733a333a226c6174223b4e3b733a333a226c6e67223b4e3b733a363a22737461747573223b733a363a22756e6c6f636b223b733a383a22736d735f636f6465223b4e3b733a31323a226164645f6461746574696d65223b733a31393a22323031382d30342d30372031343a34313a3337223b733a31303a22667265655f71756f7461223b733a313a2231223b7d656e63727970745f61646d696e5f757365725f646174617c733a3134343a225330686b4d3167726245645161566454543068746256517665544130566e4e4a53326859636c52455656526f656b46564e6a5648656d70774e314261576c56465a31707559576c356448497a4d475250516e684d52554642646b3832597a5a6a6155777764487072596e686a656c6f324e30397856573558616b39544e3164614f564e4d4f47704d4e5735784d6e4d39223b),
('h4kano4k5qlq8d5ibbfk5tpmmt6nnoaf', '127.0.0.1', 1523519529, 0x5f5f63695f6c6173745f726567656e65726174657c693a313532333531393532393b757365725f736573737c613a31313a7b733a323a226964223b733a313a2231223b733a393a226c6173745f6e616d65223b733a363a22313131313131223b733a31303a2266697273745f6e616d65223b733a31323a22313131313131313131313131223b733a353a2270686f6e65223b733a31313a223835353136393935333732223b733a383a2270617373776f7264223b733a33323a223235643535616432383361613430306166343634633736643731336330376164223b733a333a226c6174223b4e3b733a333a226c6e67223b4e3b733a363a22737461747573223b733a363a22756e6c6f636b223b733a383a22736d735f636f6465223b4e3b733a31323a226164645f6461746574696d65223b733a31393a22323031382d30342d30372031343a34313a3337223b733a31303a22667265655f71756f7461223b733a313a2231223b7d656e63727970745f61646d696e5f757365725f646174617c733a3134343a225330686b4d3167726245645161566454543068746256517665544130566e4e4a53326859636c52455656526f656b46564e6a5648656d70774e314261576c56465a31707559576c356448497a4d475250516e684d52554642646b3832597a5a6a6155777764487072596e686a656c6f324e30397856573558616b39544e3164614f564e4d4f47704d4e5735784d6e4d39223b);
INSERT INTO `ci_sessions` (`id`, `ip_address`, `timestamp`, `data`) VALUES
('ss4er8jmm140ve7os9lr5ehlnuq1le21', '127.0.0.1', 1523519294, 0x5f5f63695f6c6173745f726567656e65726174657c693a313532333531393139393b757365725f736573737c613a31313a7b733a323a226964223b733a313a2231223b733a393a226c6173745f6e616d65223b733a363a22313131313131223b733a31303a2266697273745f6e616d65223b733a31323a22313131313131313131313131223b733a353a2270686f6e65223b733a31313a223835353136393935333732223b733a383a2270617373776f7264223b733a33323a223235643535616432383361613430306166343634633736643731336330376164223b733a333a226c6174223b4e3b733a333a226c6e67223b4e3b733a363a22737461747573223b733a363a22756e6c6f636b223b733a383a22736d735f636f6465223b4e3b733a31323a226164645f6461746574696d65223b733a31393a22323031382d30342d30372031343a34313a3337223b733a31303a22667265655f71756f7461223b733a313a2231223b7d656e63727970745f61646d696e5f757365725f646174617c733a3134343a225330686b4d3167726245645161566454543068746256517665544130566e4e4a53326859636c52455656526f656b46564e6a5648656d70774e314261576c56465a31707559576c356448497a4d475250516e684d52554642646b3832597a5a6a6155777764487072596e686a656c6f324e30397856573558616b39544e3164614f564e4d4f47704d4e5735784d6e4d39223b),
('cg71is3u22h6l8mlpfnq6s726vph175l', '127.0.0.1', 1523593568, 0x5f5f63695f6c6173745f726567656e65726174657c693a313532333539333435363b757365725f736573737c613a31313a7b733a323a226964223b733a313a2231223b733a393a226c6173745f6e616d65223b733a363a22313131313131223b733a31303a2266697273745f6e616d65223b733a31323a22313131313131313131313131223b733a353a2270686f6e65223b733a31313a223835353136393935333732223b733a383a2270617373776f7264223b733a33323a223235643535616432383361613430306166343634633736643731336330376164223b733a333a226c6174223b4e3b733a333a226c6e67223b4e3b733a363a22737461747573223b733a363a22756e6c6f636b223b733a383a22736d735f636f6465223b4e3b733a31323a226164645f6461746574696d65223b733a31393a22323031382d30342d30372031343a34313a3337223b733a31303a22667265655f71756f7461223b733a313a2231223b7d),
('e850coam66cp3gs28a24icq97cshcvi4', '127.0.0.1', 1523526298, 0x5f5f63695f6c6173745f726567656e65726174657c693a313532333532363239383b757365725f736573737c613a31313a7b733a323a226964223b733a313a2231223b733a393a226c6173745f6e616d65223b733a363a22313131313131223b733a31303a2266697273745f6e616d65223b733a31323a22313131313131313131313131223b733a353a2270686f6e65223b733a31313a223835353136393935333732223b733a383a2270617373776f7264223b733a33323a223235643535616432383361613430306166343634633736643731336330376164223b733a333a226c6174223b4e3b733a333a226c6e67223b4e3b733a363a22737461747573223b733a363a22756e6c6f636b223b733a383a22736d735f636f6465223b4e3b733a31323a226164645f6461746574696d65223b733a31393a22323031382d30342d30372031343a34313a3337223b733a31303a22667265655f71756f7461223b733a313a2231223b7d656e63727970745f61646d696e5f757365725f646174617c733a3134343a225330686b4d3167726245645161566454543068746256517665544130566e4e4a53326859636c52455656526f656b46564e6a5648656d70774e314261576c56465a31707559576c356448497a4d475250516e684d52554642646b3832597a5a6a6155777764487072596e686a656c6f324e30397856573558616b39544e3164614f564e4d4f47704d4e5735784d6e4d39223b),
('d2n75u9nj75gotgamqetr56c208k5tbf', '127.0.0.1', 1523526286, 0x5f5f63695f6c6173745f726567656e65726174657c693a313532333532363238363b757365725f736573737c613a31313a7b733a323a226964223b733a313a2231223b733a393a226c6173745f6e616d65223b733a363a22313131313131223b733a31303a2266697273745f6e616d65223b733a31323a22313131313131313131313131223b733a353a2270686f6e65223b733a31313a223835353136393935333732223b733a383a2270617373776f7264223b733a33323a223235643535616432383361613430306166343634633736643731336330376164223b733a333a226c6174223b4e3b733a333a226c6e67223b4e3b733a363a22737461747573223b733a363a22756e6c6f636b223b733a383a22736d735f636f6465223b4e3b733a31323a226164645f6461746574696d65223b733a31393a22323031382d30342d30372031343a34313a3337223b733a31303a22667265655f71756f7461223b733a313a2231223b7d656e63727970745f61646d696e5f757365725f646174617c733a3134343a225330686b4d3167726245645161566454543068746256517665544130566e4e4a53326859636c52455656526f656b46564e6a5648656d70774e314261576c56465a31707559576c356448497a4d475250516e684d52554642646b3832597a5a6a6155777764487072596e686a656c6f324e30397856573558616b39544e3164614f564e4d4f47704d4e5735784d6e4d39223b),
('9apcfm2nbmnf6tqno1etaap8bk8tf28t', '127.0.0.1', 1523526258, 0x5f5f63695f6c6173745f726567656e65726174657c693a313532333532363235383b757365725f736573737c613a31313a7b733a323a226964223b733a313a2231223b733a393a226c6173745f6e616d65223b733a363a22313131313131223b733a31303a2266697273745f6e616d65223b733a31323a22313131313131313131313131223b733a353a2270686f6e65223b733a31313a223835353136393935333732223b733a383a2270617373776f7264223b733a33323a223235643535616432383361613430306166343634633736643731336330376164223b733a333a226c6174223b4e3b733a333a226c6e67223b4e3b733a363a22737461747573223b733a363a22756e6c6f636b223b733a383a22736d735f636f6465223b4e3b733a31323a226164645f6461746574696d65223b733a31393a22323031382d30342d30372031343a34313a3337223b733a31303a22667265655f71756f7461223b733a313a2231223b7d656e63727970745f61646d696e5f757365725f646174617c733a3134343a225330686b4d3167726245645161566454543068746256517665544130566e4e4a53326859636c52455656526f656b46564e6a5648656d70774e314261576c56465a31707559576c356448497a4d475250516e684d52554642646b3832597a5a6a6155777764487072596e686a656c6f324e30397856573558616b39544e3164614f564e4d4f47704d4e5735784d6e4d39223b),
('jd73r9290v69k96kunrq86tli6n1cnoh', '127.0.0.1', 1523526247, 0x5f5f63695f6c6173745f726567656e65726174657c693a313532333532363234373b757365725f736573737c613a31313a7b733a323a226964223b733a313a2231223b733a393a226c6173745f6e616d65223b733a363a22313131313131223b733a31303a2266697273745f6e616d65223b733a31323a22313131313131313131313131223b733a353a2270686f6e65223b733a31313a223835353136393935333732223b733a383a2270617373776f7264223b733a33323a223235643535616432383361613430306166343634633736643731336330376164223b733a333a226c6174223b4e3b733a333a226c6e67223b4e3b733a363a22737461747573223b733a363a22756e6c6f636b223b733a383a22736d735f636f6465223b4e3b733a31323a226164645f6461746574696d65223b733a31393a22323031382d30342d30372031343a34313a3337223b733a31303a22667265655f71756f7461223b733a313a2231223b7d656e63727970745f61646d696e5f757365725f646174617c733a3134343a225330686b4d3167726245645161566454543068746256517665544130566e4e4a53326859636c52455656526f656b46564e6a5648656d70774e314261576c56465a31707559576c356448497a4d475250516e684d52554642646b3832597a5a6a6155777764487072596e686a656c6f324e30397856573558616b39544e3164614f564e4d4f47704d4e5735784d6e4d39223b),
('8s96unor33mcireffa5ifhjgebdg6f02', '127.0.0.1', 1523526241, 0x5f5f63695f6c6173745f726567656e65726174657c693a313532333532363234313b757365725f736573737c613a31313a7b733a323a226964223b733a313a2231223b733a393a226c6173745f6e616d65223b733a363a22313131313131223b733a31303a2266697273745f6e616d65223b733a31323a22313131313131313131313131223b733a353a2270686f6e65223b733a31313a223835353136393935333732223b733a383a2270617373776f7264223b733a33323a223235643535616432383361613430306166343634633736643731336330376164223b733a333a226c6174223b4e3b733a333a226c6e67223b4e3b733a363a22737461747573223b733a363a22756e6c6f636b223b733a383a22736d735f636f6465223b4e3b733a31323a226164645f6461746574696d65223b733a31393a22323031382d30342d30372031343a34313a3337223b733a31303a22667265655f71756f7461223b733a313a2231223b7d656e63727970745f61646d696e5f757365725f646174617c733a3134343a225330686b4d3167726245645161566454543068746256517665544130566e4e4a53326859636c52455656526f656b46564e6a5648656d70774e314261576c56465a31707559576c356448497a4d475250516e684d52554642646b3832597a5a6a6155777764487072596e686a656c6f324e30397856573558616b39544e3164614f564e4d4f47704d4e5735784d6e4d39223b);

-- --------------------------------------------------------

--
-- 資料表結構 `contact_us`
--

DROP TABLE IF EXISTS `contact_us`;
CREATE TABLE `contact_us` (
  `con_id` int(11) NOT NULL,
  `con_name` varchar(200) NOT NULL,
  `con_phone` varchar(200) NOT NULL,
  `con_email` varchar(100) NOT NULL,
  `con_message` text NOT NULL,
  `add_datetime` timestamp NOT NULL DEFAULT CURRENT_TIMESTAMP
) ENGINE=InnoDB DEFAULT CHARSET=utf8;

--
-- 資料表的匯出資料 `contact_us`
--

INSERT INTO `contact_us` (`con_id`, `con_name`, `con_phone`, `con_email`, `con_message`, `add_datetime`) VALUES
(24, '', '', '', '', '2018-04-09 03:11:36'),
(25, '', '', '', '', '2018-04-09 03:11:43');

-- --------------------------------------------------------

--
-- 資料表結構 `error_log`
--

DROP TABLE IF EXISTS `error_log`;
CREATE TABLE `error_log` (
  `el_id` int(11) NOT NULL,
  `el_message` text NOT NULL,
  `el_system_error` varchar(200) DEFAULT NULL,
  `el_class` varchar(100) NOT NULL,
  `el_function` varchar(200) NOT NULL,
  `el_add_datetime` timestamp NOT NULL DEFAULT CURRENT_TIMESTAMP
) ENGINE=InnoDB DEFAULT CHARSET=utf8;

--
-- 資料表的匯出資料 `error_log`
--

INSERT INTO `error_log` (`el_id`, `el_message`, `el_system_error`, `el_class`, `el_function`, `el_add_datetime`) VALUES
(1, '系統錯誤', 'Unknown column \'u_id\' in \'where clause\'', 'Api', 'register', '2018-04-05 03:41:46'),
(2, '系統錯誤', 'Unknown column \'u_id\' in \'where clause\'', 'Api', 'register', '2018-04-05 03:41:57'),
(3, '系統錯誤', 'Unknown column \'u_id\' in \'where clause\'', 'Api', 'register', '2018-04-05 03:42:17'),
(4, '系統錯誤', 'Unknown column \'u_id\' in \'where clause\'', 'Api', 'register', '2018-04-05 03:42:24'),
(5, '請確認必填欄位', NULL, 'Api', 'register', '2018-04-05 03:46:50'),
(6, '請確認必填欄位', NULL, 'Api', 'register', '2018-04-05 03:46:56'),
(7, '系統錯誤', NULL, 'Api', '__construct', '2018-04-06 09:09:29'),
(8, '系統錯誤', NULL, 'Api', '__construct', '2018-04-06 09:09:47'),
(9, '系統錯誤', NULL, 'Api', '__construct', '2018-04-06 09:10:42'),
(10, '系統錯誤', NULL, 'Api', '__construct', '2018-04-06 09:11:34'),
(11, '系統錯誤', NULL, 'Api', '__construct', '2018-04-06 09:11:43'),
(12, '系統錯誤', NULL, 'Api', '__construct', '2018-04-06 09:12:08'),
(13, '系統錯誤', NULL, 'Api', '__construct', '2018-04-06 09:13:36'),
(14, '系統錯誤', NULL, 'Api', '__construct', '2018-04-06 09:14:10'),
(15, '系統錯誤', NULL, 'Api', '__construct', '2018-04-06 09:22:37'),
(16, '系統錯誤', NULL, 'Api', '__construct', '2018-04-06 09:23:02'),
(17, '系統錯誤', NULL, 'Api', '__construct', '2018-04-06 09:23:57'),
(18, '系統錯誤', NULL, 'Api', '__construct', '2018-04-06 09:25:34'),
(19, '系統錯誤', NULL, 'Api', '__construct', '2018-04-06 09:25:43'),
(20, '系統錯誤', NULL, 'Api', '__construct', '2018-04-06 09:26:25'),
(21, '系統錯誤', NULL, 'Api', '__construct', '2018-04-06 09:26:32'),
(22, '系統錯誤', NULL, 'Api', '__construct', '2018-04-06 09:26:59'),
(23, '系統錯誤', NULL, 'Api', '__construct', '2018-04-06 09:55:11'),
(24, '系統錯誤', NULL, 'Api', '__construct', '2018-04-06 10:00:51'),
(25, '系統錯誤', NULL, 'Api', '__construct', '2018-04-06 10:00:59'),
(26, '系統錯誤', NULL, 'Api', '__construct', '2018-04-06 10:02:11'),
(27, '系統錯誤', NULL, 'Api', '__construct', '2018-04-06 10:02:18'),
(28, '系統錯誤', NULL, 'Api', '__construct', '2018-04-06 10:02:22'),
(29, '系統錯誤', NULL, 'Api', '__construct', '2018-04-06 10:04:30'),
(30, '系統錯誤', NULL, 'Api', '__construct', '2018-04-06 10:04:42'),
(31, '系統錯誤', NULL, 'Api', '__construct', '2018-04-06 10:04:42'),
(32, '系統錯誤', NULL, 'Api', '__construct', '2018-04-06 10:04:43'),
(33, '系統錯誤', NULL, 'Api', '__construct', '2018-04-06 10:04:43'),
(34, '系統錯誤', NULL, 'Api', '__construct', '2018-04-06 10:04:44'),
(35, '系統錯誤', NULL, 'Api', '__construct', '2018-04-06 10:04:44'),
(36, '系統錯誤', NULL, 'Api', '__construct', '2018-04-06 10:04:45'),
(37, '系統錯誤', NULL, 'Api', '__construct', '2018-04-06 10:04:46'),
(38, '系統錯誤', NULL, 'Api', '__construct', '2018-04-06 10:04:46'),
(39, '系統錯誤', NULL, 'Api', '__construct', '2018-04-06 10:04:46'),
(40, '系統錯誤', NULL, 'Api', '__construct', '2018-04-06 10:04:46'),
(41, '系統錯誤', NULL, 'Api', '__construct', '2018-04-06 10:04:47'),
(42, '系統錯誤', NULL, 'Api', '__construct', '2018-04-06 10:04:51'),
(43, '系統錯誤', NULL, 'Api', '__construct', '2018-04-06 10:04:51'),
(44, '系統錯誤', NULL, 'Api', '__construct', '2018-04-06 10:04:52'),
(45, '系統錯誤', NULL, 'Api', '__construct', '2018-04-06 10:04:52'),
(46, '系統錯誤', NULL, 'Api', '__construct', '2018-04-06 10:04:52'),
(47, '系統錯誤', NULL, 'Api', '__construct', '2018-04-06 10:04:52'),
(48, '系統錯誤', NULL, 'Api', '__construct', '2018-04-06 10:04:53'),
(49, '系統錯誤', NULL, 'Api', '__construct', '2018-04-06 10:04:53'),
(50, '系統錯誤', NULL, 'Api', '__construct', '2018-04-06 10:04:54'),
(51, '系統錯誤', NULL, 'Api', '__construct', '2018-04-06 10:04:55'),
(52, '系統錯誤', NULL, 'Api', '__construct', '2018-04-06 10:04:56'),
(53, '系統錯誤', NULL, 'Api', '__construct', '2018-04-06 10:04:56'),
(54, '系統錯誤', NULL, 'Api', '__construct', '2018-04-06 10:04:57'),
(55, '系統錯誤', NULL, 'Api', '__construct', '2018-04-06 10:04:57'),
(56, '系統錯誤', NULL, 'Api', '__construct', '2018-04-06 10:05:09'),
(57, '系統錯誤', NULL, 'Api', '__construct', '2018-04-06 10:05:09'),
(58, '系統錯誤', NULL, 'Api', '__construct', '2018-04-06 10:05:10'),
(59, '系統錯誤', NULL, 'Api', '__construct', '2018-04-06 10:05:10'),
(60, '系統錯誤', NULL, 'Api', '__construct', '2018-04-06 10:05:10'),
(61, '系統錯誤', NULL, 'Api', '__construct', '2018-04-06 10:05:10'),
(62, '系統錯誤', NULL, 'Api', '__construct', '2018-04-06 10:05:11'),
(63, '系統錯誤', NULL, 'Api', '__construct', '2018-04-06 10:05:12'),
(64, '系統錯誤', NULL, 'Api', '__construct', '2018-04-06 10:05:12'),
(65, '系統錯誤', NULL, 'Api', '__construct', '2018-04-06 10:05:12'),
(66, '系統錯誤', NULL, 'Api', '__construct', '2018-04-06 10:05:12'),
(67, '系統錯誤', NULL, 'Api', '__construct', '2018-04-06 10:05:12'),
(68, '系統錯誤', NULL, 'Api', '__construct', '2018-04-06 10:05:13'),
(69, '系統錯誤', NULL, 'Api', '__construct', '2018-04-06 10:05:13'),
(70, '系統錯誤', NULL, 'Api', '__construct', '2018-04-06 10:06:49'),
(71, '系統錯誤', NULL, 'Api', '__construct', '2018-04-06 10:06:49'),
(72, '系統錯誤', NULL, 'Api', '__construct', '2018-04-06 10:06:50'),
(73, '系統錯誤', NULL, 'Api', '__construct', '2018-04-06 10:07:00'),
(74, '系統錯誤', NULL, 'Api', '__construct', '2018-04-06 10:07:00'),
(75, '系統錯誤', NULL, 'Api', '__construct', '2018-04-06 10:07:01'),
(76, '系統錯誤', NULL, 'Api', '__construct', '2018-04-06 10:07:01'),
(77, '系統錯誤', NULL, 'Api', '__construct', '2018-04-06 10:07:01'),
(78, '系統錯誤', NULL, 'Api', '__construct', '2018-04-06 10:07:02'),
(79, '系統錯誤', NULL, 'Api', '__construct', '2018-04-06 10:07:03'),
(80, '系統錯誤', 'You have an error in your SQL syntax; check the manual that corresponds to your MySQL server version for the right syntax to use near \'\' at line 1', 'Api', 'register', '2018-04-06 12:03:09'),
(81, '系統錯誤', 'You have an error in your SQL syntax; check the manual that corresponds to your MySQL server version for the right syntax to use near \'\' at line 1', 'Api', 'register', '2018-04-06 12:03:49'),
(82, '系統錯誤', 'You have an error in your SQL syntax; check the manual that corresponds to your MySQL server version for the right syntax to use near \'\' at line 1', 'Api', 'register', '2018-04-06 12:04:13'),
(83, '系統錯誤', 'Column count doesn\'t match value count at row 1', 'Api', 'register', '2018-04-06 12:04:51'),
(84, '系統錯誤', 'Column \'user_id\' cannot be null', 'Api', 'register', '2018-04-06 12:05:59'),
(85, '系統錯誤', 'Unknown column \'u_id\' in \'field list\'', 'Api', 'register', '2018-04-06 12:06:13'),
(86, '系統錯誤', 'Column \'user_id\' cannot be null', 'Api', 'register', '2018-04-06 12:06:39'),
(87, '系統錯誤', 'Column \'user_id\' cannot be null', 'Api', 'register', '2018-04-06 12:07:11'),
(88, '系統錯誤', 'Column \'user_id\' cannot be null', 'Api', 'register', '2018-04-06 12:07:29'),
(89, '系統錯誤', 'Column \'user_id\' cannot be null', 'Api', 'register', '2018-04-06 12:07:55'),
(90, '系統錯誤', 'Column \'code\' cannot be null', 'Api', 'register', '2018-04-06 12:08:11'),
(91, '系統錯誤', 'Column \'ip\' cannot be null', 'Api', 'register', '2018-04-06 12:08:29'),
(92, '系統發送簡訊忙祿中，請稍後在試', NULL, 'Api', 'register', '2018-04-06 12:16:55'),
(93, '系統發送簡訊忙祿中，請稍後在試', NULL, 'Api', 'register', '2018-04-06 12:17:51'),
(94, '系統發送簡訊忙祿中，請稍後在試', NULL, 'Api', 'register', '2018-04-06 12:17:59'),
(95, '系統錯誤', 'You have an error in your SQL syntax; check the manual that corresponds to your MySQL server version for the right syntax to use near \'AS m \r\n					FROM \r\n						`user_verifycode`\r\n					WHERE \r\n						ph', 'Api', 'register', '2018-04-06 12:23:42'),
(96, '系統錯誤', 'You have an error in your SQL syntax; check the manual that corresponds to your MySQL server version for the right syntax to use near \'(timestampdiff(minute,`add_datetime`,NOW()),0) AS m \r\n					FROM \r', 'Api', 'register', '2018-04-06 12:24:18'),
(97, '系統發送簡訊忙祿中，請稍後在試', NULL, 'Api', 'register', '2018-04-06 12:25:23'),
(98, '系統發送簡訊忙祿中，請稍後在試', NULL, 'Api', 'register', '2018-04-06 12:25:40'),
(99, '系統發送簡訊忙祿中，請稍後在試', NULL, 'Api', 'register', '2018-04-06 12:25:51'),
(100, '系統發送簡訊忙祿中，請稍後在試', NULL, 'Api', 'register', '2018-04-06 12:29:07'),
(101, '系統發送簡訊忙祿中，請稍後在試', NULL, 'Api', 'register', '2018-04-06 12:29:45'),
(102, '系統發送簡訊忙祿中，請稍後在試', NULL, 'Api', 'register', '2018-04-06 12:30:20'),
(103, '系統發送簡訊忙祿中，請稍後在試', NULL, 'Api', 'register', '2018-04-06 12:30:35'),
(104, '請確認必填欄位', NULL, 'Api', 'verifyCode', '2018-04-07 03:32:55'),
(105, '請確認必填欄位', NULL, 'Api', 'verifyCode', '2018-04-07 03:33:17'),
(106, '無法取得使用者資料', '006', 'Api', 'verifyCode', '2018-04-07 03:47:55'),
(107, '驗證碼錯誤', '', 'Api', 'verifyCode', '2018-04-07 03:57:40'),
(108, '驗證碼錯誤', '', 'Api', 'verifyCode', '2018-04-07 03:58:33'),
(109, '驗證碼錯誤', '', 'Api', 'verifyCode', '2018-04-07 03:59:02'),
(110, '驗證碼錯誤', '', 'Api', 'verifyCode', '2018-04-07 03:59:14'),
(111, '驗證碼錯誤', '', 'Api', 'verifyCode', '2018-04-07 03:59:42'),
(112, '驗證碼錯誤', '', 'Api', 'verifyCode', '2018-04-07 04:00:16'),
(113, '驗證碼錯誤', '', 'Api', 'verifyCode', '2018-04-07 04:01:00'),
(114, '驗證碼錯誤', '', 'Api', 'verifyCode', '2018-04-07 04:02:35'),
(115, '驗證碼錯誤', '', 'Api', 'verifyCode', '2018-04-07 04:02:37'),
(116, '驗證碼錯誤', '', 'Api', 'verifyCode', '2018-04-07 04:02:58'),
(117, '驗證碼錯誤', '', 'Api', 'verifyCode', '2018-04-07 04:03:55'),
(118, '驗證碼錯誤', '', 'Api', 'verifyCode', '2018-04-07 04:04:12'),
(119, '驗證碼錯誤', '', 'Api', 'verifyCode', '2018-04-07 04:08:24'),
(120, '驗證碼錯誤', '', 'Api', 'verifyCode', '2018-04-07 04:08:24'),
(121, '驗證碼錯誤', '', 'Api', 'verifyCode', '2018-04-07 04:15:23'),
(122, '驗證碼錯誤', '', 'Api', 'verifyCode', '2018-04-07 04:15:26'),
(123, '驗證碼錯誤', '', 'Api', 'verifyCode', '2018-04-07 04:15:27'),
(124, '驗證碼錯誤', '', 'Api', 'verifyCode', '2018-04-07 04:15:31'),
(125, '驗證碼錯誤', '', 'Api', 'verifyCode', '2018-04-07 04:15:35'),
(126, '驗證碼錯誤', '', 'Api', 'verifyCode', '2018-04-07 04:29:51'),
(127, '系統發送簡訊忙祿中，請稍後在試', NULL, 'Api', 'register', '2018-04-07 04:42:27'),
(128, '系統發送簡訊忙祿中，請稍後在試', NULL, 'Api', 'register', '2018-04-07 04:42:38'),
(129, '系統發送簡訊忙祿中，請稍後在試', NULL, 'Api', 'register', '2018-04-07 04:42:56'),
(130, '系統發送簡訊忙祿中，請稍後在試', NULL, 'Api', 'register', '2018-04-07 04:43:01'),
(131, '系統錯誤', 'Column \'code\' cannot be null', 'Api', 'resendVerifyCode', '2018-04-07 05:35:16'),
(132, '系統錯誤', 'Column \'code\' cannot be null', 'Api', 'resendVerifyCode', '2018-04-07 05:35:34'),
(133, '系統錯誤', 'Column \'code\' cannot be null', 'Api', 'resendVerifyCode', '2018-04-07 05:36:07'),
(134, '系統發送簡訊忙祿中，請稍後在試', NULL, 'Api', 'resendVerifyCode', '2018-04-07 05:37:35'),
(135, '驗證碼錯誤', '', 'Api', 'verifyCode', '2018-04-07 05:40:42'),
(136, '驗證碼錯誤', '', 'Api', 'verifyCode', '2018-04-07 05:41:01'),
(137, '驗證碼錯誤', '', 'Api', 'verifyCode', '2018-04-07 05:41:09'),
(138, '驗證碼錯誤', '', 'Api', 'verifyCode', '2018-04-07 05:41:18'),
(139, '驗證碼錯誤', '', 'Api', 'verifyCode', '2018-04-07 05:41:25'),
(140, '驗證碼錯誤', '', 'Api', 'verifyCode', '2018-04-07 05:41:27'),
(141, '驗證碼錯誤', '', 'Api', 'verifyCode', '2018-04-07 05:41:56'),
(142, '驗證碼錯誤', '', 'Api', 'verifyCode', '2018-04-07 05:42:41'),
(143, '驗證碼錯誤', '', 'Api', 'verifyCode', '2018-04-07 05:43:32'),
(144, '系統發送簡訊忙祿中，請稍後在試', NULL, 'Api', 'register', '2018-04-07 05:44:28'),
(145, '系統發送簡訊忙祿中，請稍後在試', NULL, 'Api', 'register', '2018-04-07 05:44:36'),
(146, '系統發送簡訊忙祿中，請稍後在試', NULL, 'Api', 'register', '2018-04-07 05:44:39'),
(147, '驗證碼錯誤', '', 'Api', 'verifyCode', '2018-04-07 05:47:10'),
(148, '驗證碼錯誤', '', 'Api', 'verifyCode', '2018-04-07 05:47:27'),
(149, '驗證碼錯誤', '', 'Api', 'verifyCode', '2018-04-07 05:47:40'),
(150, '驗證碼錯誤', '', 'Api', 'verifyCode', '2018-04-07 05:47:46'),
(151, '驗證碼錯誤', '', 'Api', 'verifyCode', '2018-04-07 05:49:42'),
(152, '驗證碼錯誤', '', 'Api', 'verifyCode', '2018-04-07 05:49:58'),
(153, '驗證碼錯誤', '', 'Api', 'verifyCode', '2018-04-07 05:50:01'),
(154, '系統發送簡訊忙祿中，請稍後在試', '004', 'Api', 'resendVerifyCode', '2018-04-07 07:21:01'),
(155, '系統發送簡訊忙祿中，請稍後在試', '004', 'Api', 'register', '2018-04-07 07:23:54'),
(156, '系統發送簡訊忙祿中，請稍後在試', '004', 'Api', 'register', '2018-04-07 07:24:15'),
(157, '系統發送簡訊忙祿中，請稍後在試', '004', 'Api', 'register', '2018-04-07 07:24:22'),
(158, '系統發送簡訊忙祿中，請稍後在試', '004', 'Api', 'register', '2018-04-07 07:40:56'),
(160, '系統錯誤', 'Column \'user_id\' cannot be null', 'Api', 'register', '2018-04-07 07:44:38'),
(161, '系統錯誤', 'Column \'user_id\' cannot be null', 'Api', 'register', '2018-04-07 07:44:42'),
(162, '系統錯誤', 'Column \'user_id\' cannot be null', 'Api', 'register', '2018-04-07 07:55:06'),
(163, '系統錯誤', 'Column \'user_id\' cannot be null', 'Api', 'register', '2018-04-07 07:55:12'),
(164, '系統錯誤', 'Column \'user_id\' cannot be null', 'Api', 'register', '2018-04-07 07:56:14'),
(166, '系統錯誤', 'Column \'code\' cannot be null', 'Api', 'register', '2018-04-07 07:57:59'),
(172, '系統錯誤', 'Column \'code\' cannot be null', 'Api', 'register', '2018-04-07 07:58:34'),
(173, '請確認必填欄位', NULL, 'Api', 'register', '2018-04-07 07:59:58'),
(174, '手机号码格式错误', NULL, 'Api', 'register', '2018-04-07 08:00:03'),
(176, '系統發送簡訊忙祿中，請稍後在試', '004', 'Api', 'resendVerifyCode', '2018-04-07 08:03:16'),
(177, '系統發送簡訊忙祿中，請稍後在試', '004', 'Api', 'resendVerifyCode', '2018-04-07 08:03:19'),
(178, '系統發送簡訊忙祿中，請稍後在試', '004', 'Api', 'resendVerifyCode', '2018-04-07 08:03:21'),
(179, '系統發送簡訊忙祿中，請稍後在試', '004', 'Api', 'resendVerifyCode', '2018-04-07 08:03:22'),
(180, '此手機號發送驗證碼次數已達上限', '007', 'Api', 'resendVerifyCode', '2018-04-07 08:03:54'),
(181, '此手機號發送驗證碼次數已達上限', '007', 'Api', 'register', '2018-04-07 08:07:46'),
(182, '此手機號發送驗證碼次數已達上限', '007', 'Api', 'register', '2018-04-07 08:07:52'),
(183, '此手機號發送驗證碼次數已達上限', '007', 'Api', 'register', '2018-04-07 08:07:59'),
(184, '此手機號發送驗證碼次數已達上限', '007', 'Api', 'register', '2018-04-07 08:08:34'),
(185, '此手機號發送驗證碼次數已達上限', '007', 'Api', 'register', '2018-04-07 08:08:43'),
(186, '此手機號發送驗證碼次數已達上限', '007', 'Api', 'register', '2018-04-07 08:08:47'),
(187, '系統錯誤', 'You have an error in your SQL syntax; check the manual that corresponds to your MySQL server version for the right syntax to use near \') AS t\' at line 7', 'Api', 'register', '2018-04-07 08:12:50'),
(188, '系統錯誤', 'You have an error in your SQL syntax; check the manual that corresponds to your MySQL server version for the right syntax to use near \'AS t\' at line 7', 'Api', 'register', '2018-04-07 08:13:22'),
(189, '此手機號發送驗證碼次數已達上限', '007', 'Api', 'register', '2018-04-07 08:13:41'),
(190, '此手機號發送驗證碼次數已達上限', '007', 'Api', 'register', '2018-04-07 08:13:43'),
(191, '此手機號發送驗證碼次數已達上限', '007', 'Api', 'register', '2018-04-07 08:14:21'),
(192, '請確認必填欄位', NULL, 'Api', 'register', '2018-04-07 08:16:40'),
(193, '手机号码格式错误', NULL, 'Api', 'register', '2018-04-07 08:16:46'),
(194, 'login is empty', NULL, 'AdminApi', 'getUser', '2018-04-07 08:26:48'),
(195, 'account does not exist', NULL, 'AdminApi', 'login', '2018-04-07 08:26:53'),
(196, 'passwd is error', NULL, 'AdminApi', 'login', '2018-04-07 08:34:27'),
(197, 'passwd is error', NULL, 'AdminApi', 'login', '2018-04-07 08:34:30'),
(198, 'login is empty', NULL, 'AdminApi', 'getUser', '2018-04-07 08:36:59'),
(199, 'system error', 'Table \'qr.sihalive.texasholdem_insurance_order\' doesn\'t exist', 'AdminQr', 'getList', '2018-04-07 08:52:27'),
(200, 'system error', 'Table \'qr.sihalive.texasholdem_insurance_order\' doesn\'t exist', 'AdminQr', 'getList', '2018-04-07 08:52:30'),
(201, 'system error', 'Table \'qr.sihalive.texasholdem_insurance_order\' doesn\'t exist', 'AdminQr', 'getList', '2018-04-07 08:52:45'),
(202, 'system error', 'Unknown column \'t.order_number\' in \'field list\'', 'AdminQr', 'getList', '2018-04-07 08:53:54'),
(203, 'system error', 'You have an error in your SQL syntax; check the manual that corresponds to your MySQL server version for the right syntax to use near \'FROM\r\n						qrcode WHERE 1 = 1 ORDER BY  t.order_id DESC  LIMIT 0', 'AdminQr', 'getList', '2018-04-07 08:54:29'),
(204, 'system error', 'You have an error in your SQL syntax; check the manual that corresponds to your MySQL server version for the right syntax to use near \'FROM\r\n						qrcode WHERE 1 = 1 ORDER BY  t.id DESC  LIMIT 0, 25\' ', 'AdminQr', 'getList', '2018-04-07 08:54:49'),
(205, 'system error', 'You have an error in your SQL syntax; check the manual that corresponds to your MySQL server version for the right syntax to use near \'FROM\r\n						qrcode AS t WHERE 1 = 1 ORDER BY  t.id DESC  LIMIT 0,', 'AdminQr', 'getList', '2018-04-07 08:54:55'),
(206, 'system error', 'Duplicate column name \'id\'', 'AdminQr', 'getList', '2018-04-07 08:56:35'),
(207, 'required is empty', NULL, 'AdminQr', 'addForm', '2018-04-07 10:26:40'),
(208, 'required is empty', NULL, 'AdminQr', 'addForm', '2018-04-07 10:26:43'),
(209, 'required is empty', NULL, 'AdminQr', 'addForm', '2018-04-07 10:26:58'),
(210, 'login is empty', NULL, 'AdminApi', 'getUser', '2018-04-09 04:07:45'),
(211, 'system error', 'Column \'image_path\' cannot be null', 'AdminQr', 'doEdit', '2018-04-09 04:52:40'),
(212, 'required is empty', NULL, 'AdminQr', 'doEdit', '2018-04-09 04:52:44'),
(213, 'system error', 'Column \'image_path\' cannot be null', 'AdminQr', 'doEdit', '2018-04-09 04:52:56'),
(214, 'required is empty', NULL, 'AdminQr', 'doEdit', '2018-04-09 04:53:04'),
(215, 'system error', 'Column \'title\' cannot be null', 'AdminQr', 'doEdit', '2018-04-09 06:22:04'),
(216, '系統錯誤', NULL, 'Api', '__construct', '2018-04-09 08:30:56'),
(217, '系統錯誤', NULL, 'Api', '__construct', '2018-04-09 08:30:59'),
(218, '系統錯誤', NULL, 'Api', '__construct', '2018-04-09 08:32:20'),
(219, '系統錯誤', NULL, 'Api', '__construct', '2018-04-09 08:32:40'),
(220, '系統錯誤', NULL, 'Api', '__construct', '2018-04-09 08:32:44'),
(221, '系統錯誤', NULL, 'Api', '__construct', '2018-04-09 08:32:47'),
(222, '請確認必填欄位', NULL, 'Api', 'registerForm', '2018-04-09 08:35:24'),
(223, '請確認必填欄位', NULL, 'Api', 'registerForm', '2018-04-09 08:36:11'),
(224, 'QR碼失效', NULL, 'Api', 'registerForm', '2018-04-09 08:36:18'),
(225, 'QR碼失效', NULL, 'Api', 'registerForm', '2018-04-09 08:38:39'),
(226, 'QR碼失效', NULL, 'Api', 'registerForm', '2018-04-09 08:38:43'),
(227, 'QR碼失效', NULL, 'Api', 'registerForm', '2018-04-09 08:41:53'),
(230, '系統錯誤', NULL, 'Api', '__construct', '2018-04-09 08:42:23'),
(231, '驗證碼錯誤', '', 'Api', 'verifyCode', '2018-04-09 08:42:27'),
(232, '驗證碼錯誤', '', 'Api', 'verifyCode', '2018-04-09 08:42:30'),
(233, '驗證碼錯誤', '', 'Api', 'verifyCode', '2018-04-09 08:42:32'),
(234, 'QR碼失效', NULL, 'Api', 'registerForm', '2018-04-09 08:42:39'),
(236, '驗證碼錯誤', '', 'Api', 'verifyCode', '2018-04-09 08:42:53'),
(237, '驗證碼錯誤', '', 'Api', 'verifyCode', '2018-04-09 08:42:57'),
(240, '驗證碼錯誤', '', 'Api', 'verifyCode', '2018-04-09 08:49:23'),
(241, '驗證碼錯誤', '', 'Api', 'verifyCode', '2018-04-09 08:49:36'),
(242, '驗證碼錯誤', '', 'Api', 'verifyCode', '2018-04-09 08:49:51'),
(243, '驗證碼錯誤', '', 'Api', 'verifyCode', '2018-04-09 08:50:02'),
(244, '系統錯誤', 'Unknown column \'end\' in \'where clause\'', 'Api', 'calltuktuk', '2018-04-09 09:22:30'),
(245, '系統錯誤', 'You have an error in your SQL syntax; check the manual that corresponds to your MySQL server version for the right syntax to use near \') AS t\' at line 7', 'Api', 'calltuktuk', '2018-04-09 09:26:07'),
(246, '系統錯誤', 'You have an error in your SQL syntax; check the manual that corresponds to your MySQL server version for the right syntax to use near \') AS t\' at line 7', 'Api', 'calltuktuk', '2018-04-09 09:26:32'),
(247, '派车中请稍等', '', 'Api', 'calltuktuk', '2018-04-09 09:29:42'),
(248, '派车中请稍等', '', 'Api', 'calltuktuk', '2018-04-09 09:29:44'),
(249, '派车中请稍等', '', 'Api', 'calltuktuk', '2018-04-09 09:30:11'),
(250, '派车中请稍等', '', 'Api', 'calltuktuk', '2018-04-09 09:31:21'),
(251, '派车中请稍等', '', 'Api', 'calltuktuk', '2018-04-09 09:31:39'),
(252, '派车中请稍等', '', 'Api', 'calltuktuk', '2018-04-09 09:31:45'),
(253, '派车中请稍等', '', 'Api', 'calltuktuk', '2018-04-09 09:32:00'),
(254, '派车中请稍等', '', 'Api', 'calltuktuk', '2018-04-09 09:32:00'),
(255, '派车中请稍等', '', 'Api', 'calltuktuk', '2018-04-09 09:32:01'),
(256, '派车中请稍等', '', 'Api', 'calltuktuk', '2018-04-09 09:32:12'),
(257, '派车中请稍等', '', 'Api', 'calltuktuk', '2018-04-09 09:32:30'),
(258, 'QR碼失效', NULL, 'Api', 'registerForm', '2018-04-09 09:34:35'),
(259, 'QR碼失效', NULL, 'Api', 'registerForm', '2018-04-09 09:34:44'),
(260, 'QR碼失效', NULL, 'Api', 'registerForm', '2018-04-09 09:34:49'),
(261, '驗證碼錯誤', '', 'Api', 'verifyCode', '2018-04-09 09:35:18'),
(262, '驗證碼錯誤', '', 'Api', 'verifyCode', '2018-04-09 09:35:22'),
(263, '驗證碼錯誤', '', 'Api', 'verifyCode', '2018-04-09 09:35:35'),
(264, '驗證碼錯誤', '', 'Api', 'verifyCode', '2018-04-09 09:35:37'),
(266, '派车中请稍等', '', 'Api', 'calltuktuk', '2018-04-09 09:38:03'),
(267, '派车中请稍等', '', 'Api', 'calltuktuk', '2018-04-09 09:38:06'),
(268, '派车中请稍等', '', 'Api', 'calltuktuk', '2018-04-09 09:38:18'),
(269, '派车中请稍等', '', 'Api', 'calltuktuk', '2018-04-09 09:38:51'),
(270, '派车中请稍等', '', 'Api', 'calltuktuk', '2018-04-09 09:39:18'),
(271, '派车中请稍等', '', 'Api', 'calltuktuk', '2018-04-09 09:39:22'),
(272, '派车中请稍等', '', 'Api', 'calltuktuk', '2018-04-09 09:39:50'),
(273, '派车中请稍等', '', 'Api', 'calltuktuk', '2018-04-09 09:40:01'),
(274, '派车中请稍等', '', 'Api', 'calltuktuk', '2018-04-09 09:40:18'),
(275, '派车中请稍等', '', 'Api', 'calltuktuk', '2018-04-09 09:40:19'),
(276, '派车中请稍等', '', 'Api', 'calltuktuk', '2018-04-09 09:40:20'),
(278, '驗證碼錯誤', '', 'Api', 'verifyCode', '2018-04-09 09:45:49'),
(279, '派车中请稍等', '', 'Api', 'calltuktuk', '2018-04-09 09:46:08'),
(280, '派车中请稍等', '', 'Api', 'calltuktuk', '2018-04-09 09:46:16'),
(281, '派车中请稍等', '', 'Api', 'calltuktuk', '2018-04-09 09:46:30'),
(282, '派车中请稍等', '', 'Api', 'calltuktuk', '2018-04-09 09:46:59'),
(283, '派车中请稍等', '', 'Api', 'calltuktuk', '2018-04-09 09:47:05'),
(284, '派车中请稍等', '', 'Api', 'calltuktuk', '2018-04-09 09:47:10'),
(285, '請確認必填欄位', NULL, 'Api', 'calltuktuk', '2018-04-09 09:48:02'),
(286, '派车中请稍等', '', 'Api', 'calltuktuk', '2018-04-09 09:48:53'),
(287, '派车中请稍等', '', 'Api', 'calltuktuk', '2018-04-09 09:49:19'),
(288, '派车中请稍等', '', 'Api', 'calltuktuk', '2018-04-09 09:53:47'),
(289, 'QR碼失效', NULL, 'Api', 'registerForm', '2018-04-10 04:54:12'),
(290, 'QR碼失效', NULL, 'Api', 'registerForm', '2018-04-10 04:54:16'),
(291, 'QR碼失效', NULL, 'Api', 'registerForm', '2018-04-10 05:02:11'),
(292, '系統錯誤', NULL, 'Api', '__construct', '2018-04-10 05:08:14'),
(293, 'QR碼失效', NULL, 'Api', 'registerForm', '2018-04-10 07:10:30'),
(294, 'QR碼失效', NULL, 'Api', 'registerForm', '2018-04-10 07:10:37'),
(295, 'QR碼失效', NULL, 'Api', 'registerForm', '2018-04-10 07:12:30'),
(296, 'QR碼失效', NULL, 'Api', 'registerForm', '2018-04-10 07:12:48'),
(297, '派车中请稍等', '', 'Api', 'calltuktuk', '2018-04-10 07:19:42'),
(298, 'QR碼失效', NULL, 'Api', 'registerForm', '2018-04-10 07:27:54'),
(299, 'QR碼失效', NULL, 'Api', 'registerForm', '2018-04-10 07:31:46'),
(300, 'QR碼失效', NULL, 'Api', 'registerForm', '2018-04-10 07:52:01'),
(301, 'QR碼失效', NULL, 'Api', 'registerForm', '2018-04-10 07:54:10'),
(302, 'QR碼失效', NULL, 'Api', 'registerForm', '2018-04-10 07:54:33'),
(303, 'QR碼失效', NULL, 'Api', 'registerForm', '2018-04-10 07:55:28'),
(304, 'QR碼失效', NULL, 'Api', 'registerForm', '2018-04-10 07:55:57'),
(305, 'QR碼失效', NULL, 'Api', 'registerForm', '2018-04-10 07:56:15'),
(306, 'QR碼失效', NULL, 'Api', 'registerForm', '2018-04-10 07:57:06'),
(307, 'QR碼失效', NULL, 'Api', 'registerForm', '2018-04-10 07:57:21'),
(308, 'QR碼失效', NULL, 'Api', 'registerForm', '2018-04-10 07:57:30'),
(309, 'QR碼失效', NULL, 'Api', 'registerForm', '2018-04-10 07:59:27'),
(310, 'QR碼失效', NULL, 'Api', 'registerForm', '2018-04-10 07:59:32'),
(311, 'QR碼失效', NULL, 'Api', 'registerForm', '2018-04-10 08:25:09'),
(312, 'QR碼失效', NULL, 'Api', 'registerForm', '2018-04-10 08:25:10'),
(313, 'QR碼失效', NULL, 'Api', 'registerForm', '2018-04-10 09:51:00'),
(314, 'QR碼失效', NULL, 'Api', 'registerForm', '2018-04-10 09:51:01'),
(315, 'QR碼失效', NULL, 'Api', 'registerForm', '2018-04-10 09:51:10'),
(316, 'QR碼失效', NULL, 'Api', 'registerForm', '2018-04-10 09:51:14'),
(317, '請確認必填欄位', NULL, 'User', 'login', '2018-04-10 10:04:20'),
(318, '請確認必填欄位', NULL, 'User', 'login', '2018-04-10 10:04:22'),
(319, '此號碼尚未註冊', NULL, 'User', 'login', '2018-04-10 10:04:35'),
(320, '此號碼尚未註冊', NULL, 'User', 'login', '2018-04-10 10:04:52'),
(321, '此號碼尚未註冊', NULL, 'User', 'login', '2018-04-10 10:05:01'),
(322, '此號碼尚未註冊', NULL, 'User', 'login', '2018-04-10 10:05:12'),
(323, '此號碼尚未註冊', NULL, 'User', 'login', '2018-04-10 10:05:17'),
(324, '密碼錯誤', NULL, 'User', 'login', '2018-04-10 10:07:54'),
(325, '密碼錯誤', NULL, 'User', 'login', '2018-04-10 10:08:07'),
(326, '密碼錯誤', NULL, 'User', 'login', '2018-04-10 10:08:09'),
(327, '密碼錯誤', NULL, 'User', 'login', '2018-04-10 10:08:17'),
(328, '密碼錯誤', NULL, 'User', 'login', '2018-04-10 10:08:42'),
(329, '密碼錯誤', NULL, 'User', 'login', '2018-04-10 10:09:02'),
(330, '此號碼尚未註冊', NULL, 'User', 'login', '2018-04-10 10:11:34'),
(331, '此號碼尚未註冊', NULL, 'User', 'login', '2018-04-10 10:24:39'),
(332, '請確認必填欄位', NULL, 'User', 'login', '2018-04-10 10:24:54'),
(333, '此號碼尚未註冊', NULL, 'User', 'login', '2018-04-10 10:25:13'),
(334, '此號碼尚未註冊', NULL, 'User', 'login', '2018-04-10 10:26:22'),
(335, 'QR碼失效', NULL, 'Api', 'registerForm', '2018-04-11 06:42:30'),
(336, 'QR碼失效', NULL, 'Api', 'registerForm', '2018-04-11 06:42:53'),
(337, 'QR碼失效', NULL, 'Api', 'registerForm', '2018-04-11 06:42:56'),
(338, 'QR碼失效', NULL, 'Api', 'registerForm', '2018-04-11 06:42:57'),
(339, '此號碼尚未註冊', NULL, 'User', 'login', '2018-04-11 06:43:56'),
(340, 'QR碼失效', NULL, 'Api', 'registerForm', '2018-04-11 06:51:01'),
(341, 'QR碼失效', NULL, 'Api', 'registerQrForm', '2018-04-11 06:53:07'),
(342, '系統錯誤', NULL, 'Api', '__construct', '2018-04-11 07:12:48'),
(343, '系統錯誤', NULL, 'Api', '__construct', '2018-04-11 07:12:51'),
(344, '系統錯誤', NULL, 'Api', '__construct', '2018-04-11 07:12:57'),
(345, '系統錯誤', NULL, 'Api', '__construct', '2018-04-11 07:13:07'),
(346, '系統錯誤', NULL, 'Api', '__construct', '2018-04-11 07:13:14'),
(347, '系統錯誤', NULL, 'Api', '__construct', '2018-04-11 07:14:01'),
(348, '系統錯誤', NULL, 'Api', '__construct', '2018-04-11 07:14:09'),
(349, '系統錯誤', NULL, 'Api', '__construct', '2018-04-11 07:14:31'),
(351, '派车中请稍等', '', 'Api', 'calltuktuk', '2018-04-11 07:18:10'),
(352, '派车中请稍等', '', 'Api', 'calltuktuk', '2018-04-11 07:18:10'),
(353, '派车中请稍等', '', 'Api', 'calltuktuk', '2018-04-11 07:19:00'),
(354, 'QR碼失效', NULL, 'Api', 'registerQrForm', '2018-04-11 08:50:18'),
(355, 'QR碼失效', NULL, 'Api', 'registerQrForm', '2018-04-11 09:00:39'),
(356, 'QR碼失效', NULL, 'Api', 'registerQrForm', '2018-04-11 09:01:06'),
(357, 'QR碼失效', NULL, 'Api', 'registerQrForm', '2018-04-11 09:01:09'),
(358, 'QR碼失效', NULL, 'Api', 'registerQrForm', '2018-04-11 09:01:16'),
(359, '派车中请稍等', '', 'Api', 'calltuktuk', '2018-04-11 09:03:49'),
(360, '派车中请稍等', '', 'Api', 'calltuktuk', '2018-04-11 09:03:52'),
(361, '派车中请稍等', '', 'Api', 'calltuktuk', '2018-04-11 09:03:56'),
(362, '派车中请稍等', '', 'Api', 'calltuktuk', '2018-04-11 09:05:34'),
(363, 'QR碼失效', NULL, 'Api', 'registerQrForm', '2018-04-12 04:23:42'),
(364, '派车中请稍等', '', 'Api', 'calltuktuk', '2018-04-12 04:24:38'),
(365, '派车中请稍等', '', 'Api', 'calltuktuk', '2018-04-12 04:24:59'),
(366, 'QR碼失效', NULL, 'Api', 'registerQrForm', '2018-04-12 06:50:22'),
(367, '派车中请稍等', '', 'Api', 'calltuktuk', '2018-04-12 06:50:32'),
(368, '派车中请稍等', '', 'Api', 'calltuktuk', '2018-04-12 06:50:35'),
(369, '派车中请稍等', '', 'Api', 'calltuktuk', '2018-04-12 06:51:27'),
(370, '派车中请稍等', '', 'Api', 'calltuktuk', '2018-04-12 06:51:29'),
(371, '派车中请稍等', '', 'Api', 'calltuktuk', '2018-04-12 06:52:02'),
(372, '派车中请稍等', '', 'Api', 'calltuktuk', '2018-04-12 06:52:35'),
(373, '派车中请稍等', '', 'Api', 'calltuktuk', '2018-04-12 06:53:44'),
(374, '派车中请稍等', '', 'Api', 'calltuktuk', '2018-04-12 07:07:46'),
(375, '派车中请稍等', '', 'Api', 'calltuktuk', '2018-04-12 07:07:56'),
(376, 'QR碼失效', NULL, 'Api', 'registerQrForm', '2018-04-13 04:24:27');

-- --------------------------------------------------------

--
-- 資料表結構 `feedback`
--

DROP TABLE IF EXISTS `feedback`;
CREATE TABLE `feedback` (
  `fb_id` int(11) NOT NULL,
  `fb_title` varchar(200) NOT NULL,
  `fb_tuktu_id` int(11) NOT NULL,
  `fb_message` text NOT NULL,
  `add_datetime` timestamp NOT NULL DEFAULT CURRENT_TIMESTAMP,
  `fb_u_id` int(11) DEFAULT NULL
) ENGINE=InnoDB DEFAULT CHARSET=utf8;

--
-- 資料表的匯出資料 `feedback`
--

INSERT INTO `feedback` (`fb_id`, `fb_title`, `fb_tuktu_id`, `fb_message`, `add_datetime`, `fb_u_id`) VALUES
(26, 'sdsd', 0, 'sdsdsd', '2018-04-09 02:16:18', NULL);

-- --------------------------------------------------------

--
-- 資料表結構 `permissions`
--

DROP TABLE IF EXISTS `permissions`;
CREATE TABLE `permissions` (
  `pe_id` int(5) NOT NULL,
  `pe_name` varchar(50) NOT NULL,
  `pe_control` varchar(100) NOT NULL,
  `pe_func` varchar(100) NOT NULL,
  `pe_type` enum('menu','action','button') NOT NULL DEFAULT 'menu',
  `add_datetime` timestamp NOT NULL DEFAULT CURRENT_TIMESTAMP,
  `pe_parents_id` int(5) NOT NULL DEFAULT '0',
  `pe_page` varchar(100) DEFAULT NULL,
  `pe_order_id` int(2) NOT NULL DEFAULT '0',
  `pe_icon` varchar(50) DEFAULT NULL
) ENGINE=InnoDB DEFAULT CHARSET=utf8;

--
-- 資料表的匯出資料 `permissions`
--

INSERT INTO `permissions` (`pe_id`, `pe_name`, `pe_control`, `pe_func`, `pe_type`, `add_datetime`, `pe_parents_id`, `pe_page`, `pe_order_id`, `pe_icon`) VALUES
(1, 'QR management', 'AdminQr', '', 'menu', '2018-04-07 08:33:48', 0, NULL, 0, NULL),
(2, 'list', 'AdminQr', 'getList', 'menu', '2018-04-07 08:34:23', 1, 'table_list', 0, NULL),
(3, 'Delivery Management', 'AdminDelivery', 'list', 'menu', '2018-04-12 09:37:56', 0, 'table_list', 0, NULL),
(4, 'list', 'AdminDelivery', 'getList', 'menu', '2018-04-12 09:41:28', 3, 'table_list', 0, NULL);

-- --------------------------------------------------------

--
-- 資料表結構 `qrcode`
--

DROP TABLE IF EXISTS `qrcode`;
CREATE TABLE `qrcode` (
  `id` int(11) NOT NULL,
  `image_name` varchar(255) NOT NULL,
  `data` varchar(255) NOT NULL,
  `add_datetime` timestamp NOT NULL DEFAULT CURRENT_TIMESTAMP,
  `title` varchar(50) NOT NULL
) ENGINE=InnoDB DEFAULT CHARSET=utf8;

--
-- 資料表的匯出資料 `qrcode`
--

INSERT INTO `qrcode` (`id`, `image_name`, `data`, `add_datetime`, `title`) VALUES
(6, '073c907e29efa7c7edcce8b99d965a60.png', '111', '2018-04-09 05:02:01', ''),
(7, '8eb6635e2295c9f31b199824d542ed49.png', '111111111111111111111111', '2018-04-09 06:17:50', ''),
(10, '4197641b25b7420a0f4e24cc99befb42.png', 'https://qr.sihalive.com/#!/Api/register/register?id=8', '2018-04-09 09:33:42', 'test');

-- --------------------------------------------------------

--
-- 資料表結構 `table_comapany`
--

DROP TABLE IF EXISTS `table_comapany`;
CREATE TABLE `table_comapany` (
  `Com_Name` int(11) NOT NULL,
  `Com_ID` int(11) NOT NULL,
  `Com_Address` int(11) NOT NULL,
  `Phone` int(11) NOT NULL,
  `Website` int(11) NOT NULL,
  `lat` int(11) NOT NULL,
  `lang` int(11) NOT NULL
) ENGINE=InnoDB DEFAULT CHARSET=utf8;

-- --------------------------------------------------------

--
-- 資料表結構 `table_message`
--

DROP TABLE IF EXISTS `table_message`;
CREATE TABLE `table_message` (
  `message` int(11) NOT NULL,
  `date_time` int(11) NOT NULL,
  `message_Id` int(11) NOT NULL,
  `Id` int(11) NOT NULL
) ENGINE=InnoDB DEFAULT CHARSET=utf8;

-- --------------------------------------------------------

--
-- 資料表結構 `tuktuk`
--

DROP TABLE IF EXISTS `tuktuk`;
CREATE TABLE `tuktuk` (
  `id` int(11) NOT NULL,
  `phone` varchar(13) NOT NULL,
  `status` enum('unlock','lock') NOT NULL DEFAULT 'unlock',
  `name` varchar(50) NOT NULL
) ENGINE=InnoDB DEFAULT CHARSET=utf8;

-- --------------------------------------------------------

--
-- 資料表結構 `user`
--

DROP TABLE IF EXISTS `user`;
CREATE TABLE `user` (
  `id` int(11) NOT NULL,
  `last_name` varchar(50) NOT NULL,
  `first_name` varchar(50) NOT NULL,
  `phone` char(13) NOT NULL,
  `password` varchar(64) NOT NULL,
  `lat` double DEFAULT NULL,
  `lng` double DEFAULT NULL,
  `status` enum('unlock','lock','verify') NOT NULL DEFAULT 'unlock',
  `sms_code` char(6) DEFAULT NULL,
  `add_datetime` timestamp NOT NULL DEFAULT CURRENT_TIMESTAMP,
  `free_quota` int(1) NOT NULL DEFAULT '1'
) ENGINE=InnoDB DEFAULT CHARSET=utf8;

--
-- 資料表的匯出資料 `user`
--

INSERT INTO `user` (`id`, `last_name`, `first_name`, `phone`, `password`, `lat`, `lng`, `status`, `sms_code`, `add_datetime`, `free_quota`) VALUES
(1, '111111', '111111111111', '85516995372', '25d55ad283aa400af464c76d713c07ad', NULL, NULL, 'unlock', NULL, '2018-04-07 07:41:37', 1),
(3, '1111111111', '1111111111111', '855888888888', '593c9b4a9390551d53e5cacf28ebd638', NULL, NULL, 'unlock', NULL, '2018-04-07 07:57:59', 1),
(9, '111111111', '111111111111', '855252525252', '593c9b4a9390551d53e5cacf28ebd638', NULL, NULL, 'unlock', NULL, '2018-04-07 07:58:34', 1),
(10, '111111111', '111111111111', '855222222222', '593c9b4a9390551d53e5cacf28ebd638', NULL, NULL, 'unlock', NULL, '2018-04-07 07:59:49', 1),
(12, '11111', '111111111111111', '855124444444', '593c9b4a9390551d53e5cacf28ebd638', NULL, NULL, 'unlock', NULL, '2018-04-07 08:00:10', 1),
(13, '11111111111', '11111111111111111111', '855555555555', '25d55ad283aa400af464c76d713c07ad', NULL, NULL, 'unlock', NULL, '2018-04-07 08:15:11', 1),
(16, '1', '1111111111111', '855333333333', '593c9b4a9390551d53e5cacf28ebd638', NULL, NULL, 'unlock', NULL, '2018-04-09 08:42:20', 1),
(18, '11111111111111111', '111111111111111', '855444444444', '593c9b4a9390551d53e5cacf28ebd638', NULL, NULL, 'verify', NULL, '2018-04-09 08:42:51', 1),
(21, '11111111', '11111111111111111111', '855666666666', '593c9b4a9390551d53e5cacf28ebd638', NULL, NULL, 'unlock', NULL, '2018-04-09 08:49:09', 1),
(22, '11111111', '11111111111111', '855223523523', '593c9b4a9390551d53e5cacf28ebd638', NULL, NULL, 'verify', NULL, '2018-04-09 08:52:09', 1),
(23, '11111111', '11111111111111111111111', '855432532325', '593c9b4a9390551d53e5cacf28ebd638', NULL, NULL, 'unlock', NULL, '2018-04-09 09:35:07', 1),
(25, '1344444444444', '44313', '855311111111', '593c9b4a9390551d53e5cacf28ebd638', NULL, NULL, 'verify', NULL, '2018-04-09 09:37:51', 1),
(26, '111111111', '1111111111111', '855344444444', '593c9b4a9390551d53e5cacf28ebd638', NULL, NULL, 'unlock', NULL, '2018-04-09 09:40:55', 1),
(28, '11111111111111', '111111111111111111111', '855224222211', '593c9b4a9390551d53e5cacf28ebd638', NULL, NULL, 'verify', NULL, '2018-04-09 09:45:46', 1),
(29, '111111111111111111', '11111111111111111', '855113333333', '593c9b4a9390551d53e5cacf28ebd638', NULL, NULL, 'verify', NULL, '2018-04-09 09:48:24', 1),
(30, '22222222222222222222', '2222222222222222', '855443543525', '593c9b4a9390551d53e5cacf28ebd638', NULL, NULL, 'verify', NULL, '2018-04-09 09:49:01', 1),
(31, '23wwwwwww', 'ˇˇˇˇˇˇˇˇˇˇˇˇˇˇˇˇˇˇˇˇˇˇˇˇ32www', '855144444444', '593c9b4a9390551d53e5cacf28ebd638', NULL, NULL, 'verify', NULL, '2018-04-09 09:53:28', 1),
(32, '3333333333333333', '3333333333333', '855564644444', '593c9b4a9390551d53e5cacf28ebd638', NULL, NULL, 'verify', NULL, '2018-04-10 07:18:45', 1),
(33, 'tryion', '123', '855987654123', '25f9e794323b453885f5181f1b624d0b', NULL, NULL, 'unlock', NULL, '2018-04-11 07:16:12', 1),
(35, '11111111111111', '111111111111111111111', '855658512334', '25f9e794323b453885f5181f1b624d0b', NULL, NULL, 'verify', NULL, '2018-04-11 07:17:36', 1);

-- --------------------------------------------------------

--
-- 資料表結構 `user_delivery`
--

DROP TABLE IF EXISTS `user_delivery`;
CREATE TABLE `user_delivery` (
  `id` int(11) NOT NULL,
  `tuktuk_id` int(11) DEFAULT NULL,
  `add_datetime` timestamp NOT NULL DEFAULT CURRENT_TIMESTAMP,
  `qrcode_id` int(11) DEFAULT NULL,
  `status` enum('start','tuktukgo','end') NOT NULL DEFAULT 'start',
  `user_id` int(11) DEFAULT NULL,
  `message` text NOT NULL
) ENGINE=InnoDB DEFAULT CHARSET=utf8;

--
-- 資料表的匯出資料 `user_delivery`
--

INSERT INTO `user_delivery` (`id`, `tuktuk_id`, `add_datetime`, `qrcode_id`, `status`, `user_id`, `message`) VALUES
(2, NULL, '2018-04-09 09:15:44', NULL, 'start', 22, ''),
(3, NULL, '2018-04-09 09:22:43', NULL, 'start', 22, ''),
(4, NULL, '2018-04-09 09:22:46', NULL, 'start', 22, ''),
(5, NULL, '2018-04-09 09:23:09', NULL, 'start', 22, ''),
(6, NULL, '2018-04-09 09:23:12', NULL, 'start', 22, ''),
(7, NULL, '2018-04-09 09:23:21', NULL, 'start', 22, ''),
(8, NULL, '2018-04-09 09:26:48', NULL, 'start', 22, ''),
(9, NULL, '2018-04-09 09:27:53', NULL, 'start', 22, ''),
(10, NULL, '2018-04-09 09:27:57', NULL, 'start', 22, ''),
(11, NULL, '2018-04-09 09:27:58', NULL, 'start', 22, ''),
(12, NULL, '2018-04-09 09:28:45', NULL, 'start', 22, ''),
(13, NULL, '2018-04-09 09:28:48', NULL, 'start', 22, ''),
(14, NULL, '2018-04-09 09:29:00', NULL, 'start', 22, ''),
(15, NULL, '2018-04-09 09:29:16', NULL, 'start', 22, ''),
(16, NULL, '2018-04-09 09:29:33', NULL, 'start', 22, ''),
(17, NULL, '2018-04-09 09:32:26', NULL, 'start', 22, ''),
(18, NULL, '2018-04-09 09:40:17', 10, 'start', 25, ''),
(19, NULL, '2018-04-09 09:46:06', 10, 'start', 28, ''),
(20, NULL, '2018-04-09 09:48:46', 10, 'start', 29, ''),
(21, NULL, '2018-04-09 09:49:18', 10, 'start', 30, ''),
(22, NULL, '2018-04-09 09:53:41', 10, 'start', 31, ''),
(23, NULL, '2018-04-10 07:19:31', 10, 'start', 32, ''),
(24, NULL, '2018-04-11 07:18:08', 10, 'start', 35, ''),
(25, NULL, '2018-04-11 09:03:49', 10, 'start', 35, ''),
(31, NULL, '2018-04-12 06:52:31', 10, 'start', 1, ''),
(32, NULL, '2018-04-12 07:07:32', 10, 'start', 1, '');

-- --------------------------------------------------------

--
-- 資料表結構 `user_login_log`
--

DROP TABLE IF EXISTS `user_login_log`;
CREATE TABLE `user_login_log` (
  `id` int(11) NOT NULL,
  `add_datetime` int(11) NOT NULL,
  `user_id` int(11) DEFAULT NULL,
  `user_ip` varchar(46) NOT NULL
) ENGINE=InnoDB DEFAULT CHARSET=utf8;

-- --------------------------------------------------------

--
-- 資料表結構 `user_verifycode`
--

DROP TABLE IF EXISTS `user_verifycode`;
CREATE TABLE `user_verifycode` (
  `id` int(11) NOT NULL,
  `user_id` int(11) NOT NULL,
  `add_datetime` timestamp NOT NULL DEFAULT CURRENT_TIMESTAMP,
  `code` char(6) NOT NULL,
  `used` enum('0','1') NOT NULL DEFAULT '0',
  `ip` varchar(45) NOT NULL,
  `phone` varchar(13) NOT NULL
) ENGINE=InnoDB DEFAULT CHARSET=utf8;

--
-- 資料表的匯出資料 `user_verifycode`
--

INSERT INTO `user_verifycode` (`id`, `user_id`, `add_datetime`, `code`, `used`, `ip`, `phone`) VALUES
(1, 1, '2018-04-07 07:41:37', '187388', '0', '127.0.0.1', '855111111111'),
(2, 10, '2018-04-07 07:59:50', '569779', '0', '127.0.0.1', '855124444444'),
(3, 12, '2018-04-07 08:00:10', '696842', '0', '127.0.0.1', '855124444444'),
(4, 12, '2018-04-07 08:02:14', '445900', '0', '127.0.0.1', '855124444444'),
(5, 13, '2018-04-07 08:15:11', '369342', '0', '127.0.0.1', '855555555555'),
(6, 12, '2018-04-07 08:16:29', '855523', '0', '127.0.0.1', '855124444444'),
(7, 16, '2018-04-09 08:42:21', '580961', '0', '127.0.0.1', '855333333333'),
(8, 18, '2018-04-09 08:42:51', '521415', '1', '127.0.0.1', '855444444444'),
(9, 21, '2018-04-09 08:49:09', '137874', '0', '127.0.0.1', '855666666666'),
(10, 22, '2018-04-09 08:52:10', '625821', '1', '127.0.0.1', '855223523523'),
(11, 23, '2018-04-09 09:35:07', '382155', '0', '127.0.0.1', '855432532325'),
(12, 25, '2018-04-09 09:37:52', '137901', '1', '127.0.0.1', '855311111111'),
(13, 26, '2018-04-09 09:40:55', '344839', '0', '127.0.0.1', '855344444444'),
(14, 28, '2018-04-09 09:45:46', '765884', '1', '127.0.0.1', '855224222211'),
(15, 29, '2018-04-09 09:48:24', '460318', '1', '127.0.0.1', '855113333333'),
(16, 30, '2018-04-09 09:49:03', '611723', '1', '127.0.0.1', '855443543525'),
(17, 31, '2018-04-09 09:53:29', '746624', '1', '127.0.0.1', '855144444444'),
(18, 32, '2018-04-10 07:18:47', '376992', '1', '127.0.0.1', '855564644444'),
(19, 33, '2018-04-11 07:16:23', '583021', '0', '127.0.0.1', '855987654123'),
(20, 35, '2018-04-11 07:17:36', '994944', '1', '127.0.0.1', '855658512334');

--
-- 已匯出資料表的索引
--

--
-- 資料表索引 `admin_role`
--
ALTER TABLE `admin_role`
  ADD PRIMARY KEY (`ar_id`);

--
-- 資料表索引 `admin_role_permissions_link`
--
ALTER TABLE `admin_role_permissions_link`
  ADD PRIMARY KEY (`apl_id`),
  ADD KEY `fk_pemissions_id` (`pe_id`),
  ADD KEY `fk_admin_role_id` (`ar_id`);

--
-- 資料表索引 `admin_user`
--
ALTER TABLE `admin_user`
  ADD PRIMARY KEY (`ad_id`),
  ADD UNIQUE KEY `ad_account` (`ad_account`),
  ADD KEY `fk_pemissions_id_admin_user` (`ar_id`);

--
-- 資料表索引 `ci_sessions`
--
ALTER TABLE `ci_sessions`
  ADD KEY `ci_sessions_timestamp` (`timestamp`);

--
-- 資料表索引 `error_log`
--
ALTER TABLE `error_log`
  ADD PRIMARY KEY (`el_id`);

--
-- 資料表索引 `permissions`
--
ALTER TABLE `permissions`
  ADD PRIMARY KEY (`pe_id`),
  ADD UNIQUE KEY `pe_control` (`pe_control`,`pe_func`);

--
-- 資料表索引 `qrcode`
--
ALTER TABLE `qrcode`
  ADD PRIMARY KEY (`id`),
  ADD UNIQUE KEY `image_path` (`image_name`);

--
-- 資料表索引 `table_comapany`
--
ALTER TABLE `table_comapany`
  ADD PRIMARY KEY (`Com_ID`);

--
-- 資料表索引 `table_message`
--
ALTER TABLE `table_message`
  ADD PRIMARY KEY (`message_Id`),
  ADD KEY `Id` (`Id`);

--
-- 資料表索引 `user`
--
ALTER TABLE `user`
  ADD PRIMARY KEY (`id`),
  ADD UNIQUE KEY `phone` (`phone`);

--
-- 資料表索引 `user_delivery`
--
ALTER TABLE `user_delivery`
  ADD PRIMARY KEY (`id`),
  ADD KEY `fk_user_delivery_1` (`user_id`),
  ADD KEY `fk_user_delivery_2` (`qrcode_id`);

--
-- 資料表索引 `user_login_log`
--
ALTER TABLE `user_login_log`
  ADD PRIMARY KEY (`id`),
  ADD KEY `Acc_ID` (`user_id`);

--
-- 資料表索引 `user_verifycode`
--
ALTER TABLE `user_verifycode`
  ADD PRIMARY KEY (`id`);

--
-- 在匯出的資料表使用 AUTO_INCREMENT
--

--
-- 使用資料表 AUTO_INCREMENT `admin_role`
--
ALTER TABLE `admin_role`
  MODIFY `ar_id` int(2) NOT NULL AUTO_INCREMENT, AUTO_INCREMENT=2;

--
-- 使用資料表 AUTO_INCREMENT `admin_role_permissions_link`
--
ALTER TABLE `admin_role_permissions_link`
  MODIFY `apl_id` int(10) NOT NULL AUTO_INCREMENT, AUTO_INCREMENT=5;

--
-- 使用資料表 AUTO_INCREMENT `admin_user`
--
ALTER TABLE `admin_user`
  MODIFY `ad_id` int(11) NOT NULL AUTO_INCREMENT, AUTO_INCREMENT=2;

--
-- 使用資料表 AUTO_INCREMENT `error_log`
--
ALTER TABLE `error_log`
  MODIFY `el_id` int(11) NOT NULL AUTO_INCREMENT, AUTO_INCREMENT=377;

--
-- 使用資料表 AUTO_INCREMENT `permissions`
--
ALTER TABLE `permissions`
  MODIFY `pe_id` int(5) NOT NULL AUTO_INCREMENT, AUTO_INCREMENT=5;

--
-- 使用資料表 AUTO_INCREMENT `qrcode`
--
ALTER TABLE `qrcode`
  MODIFY `id` int(11) NOT NULL AUTO_INCREMENT, AUTO_INCREMENT=11;

--
-- 使用資料表 AUTO_INCREMENT `user`
--
ALTER TABLE `user`
  MODIFY `id` int(11) NOT NULL AUTO_INCREMENT, AUTO_INCREMENT=36;

--
-- 使用資料表 AUTO_INCREMENT `user_delivery`
--
ALTER TABLE `user_delivery`
  MODIFY `id` int(11) NOT NULL AUTO_INCREMENT, AUTO_INCREMENT=33;

--
-- 使用資料表 AUTO_INCREMENT `user_login_log`
--
ALTER TABLE `user_login_log`
  MODIFY `id` int(11) NOT NULL AUTO_INCREMENT;

--
-- 使用資料表 AUTO_INCREMENT `user_verifycode`
--
ALTER TABLE `user_verifycode`
  MODIFY `id` int(11) NOT NULL AUTO_INCREMENT, AUTO_INCREMENT=21;

--
-- 已匯出資料表的限制(Constraint)
--

--
-- 資料表的 Constraints `admin_role_permissions_link`
--
ALTER TABLE `admin_role_permissions_link`
  ADD CONSTRAINT `fk_admin_role_id` FOREIGN KEY (`ar_id`) REFERENCES `admin_role` (`ar_id`) ON DELETE SET NULL ON UPDATE CASCADE,
  ADD CONSTRAINT `fk_pemissions_id` FOREIGN KEY (`pe_id`) REFERENCES `permissions` (`pe_id`) ON DELETE SET NULL ON UPDATE CASCADE;

--
-- 資料表的 Constraints `admin_user`
--
ALTER TABLE `admin_user`
  ADD CONSTRAINT `fk_pemissions_id_admin_user` FOREIGN KEY (`ar_id`) REFERENCES `admin_role` (`ar_id`) ON DELETE NO ACTION ON UPDATE CASCADE,
  ADD CONSTRAINT `fk_role_id` FOREIGN KEY (`ar_id`) REFERENCES `admin_role` (`ar_id`) ON DELETE NO ACTION ON UPDATE CASCADE;

--
-- 資料表的 Constraints `table_message`
--
ALTER TABLE `table_message`
  ADD CONSTRAINT `table_message_ibfk_1` FOREIGN KEY (`Id`) REFERENCES `user` (`id`);

--
-- 資料表的 Constraints `user_delivery`
--
ALTER TABLE `user_delivery`
  ADD CONSTRAINT `fk_user_delivery_1` FOREIGN KEY (`user_id`) REFERENCES `user` (`id`) ON DELETE SET NULL ON UPDATE CASCADE,
  ADD CONSTRAINT `fk_user_delivery_2` FOREIGN KEY (`qrcode_id`) REFERENCES `qrcode` (`id`) ON DELETE SET NULL ON UPDATE CASCADE;

--
-- 資料表的 Constraints `user_login_log`
--
ALTER TABLE `user_login_log`
  ADD CONSTRAINT `user_login_log_ibfk_1` FOREIGN KEY (`user_id`) REFERENCES `user` (`id`) ON DELETE SET NULL ON UPDATE CASCADE;
SET FOREIGN_KEY_CHECKS=1;
COMMIT;

/*!40101 SET CHARACTER_SET_CLIENT=@OLD_CHARACTER_SET_CLIENT */;
/*!40101 SET CHARACTER_SET_RESULTS=@OLD_CHARACTER_SET_RESULTS */;
/*!40101 SET COLLATION_CONNECTION=@OLD_COLLATION_CONNECTION */;
